url,cdx_date,page_date,date
https://www.war.gov/news/releases/release/article/4593737/united-states-department-of-war-and-mongolias-ministry-of-defense-conduct-bilat,2026-09-09,2026-09-08,2026-09-08
https://www.war.gov/news/speeches/speech/article/4592668/remarks-by-under-secretary-of-war-for-policy-elbridge-colby-at-the-ukraine-defe,2026-09-08,2026-09-08,2026-09-08
https://www.war.gov/news/releases/release/article/4511554/secretary-of-war-general-officer-announcements-for-june-8-2026,2026-06-08,2026-06-08,2026-06-08
https://www.war.gov/news/releases/release/article/4510706/readout-of-secretary-of-war-pete-hegseths-meeting-with-french-minister-of-the-a,2026-06-06,2026-06-06,2026-06-06
https://www.war.gov/news/releases/release/article/4504792/readout-of-secretary-of-war-pete-hegseths-meeting-with-philippine-secretary-of,2026-05-31,2026-05-30,2026-05-30
https://www.war.gov/news/speeches/speech/article/4504755/remarks-by-secretary-of-war-pete-hegseth-at-the-2026-shangri-la-dialogue-in-sin,2026-05-30,2026-05-30,2026-05-30
https://www.war.gov/news/releases/release/article/4504634/readout-of-under-secretary-of-war-for-policy-elbridge-colbys-meeting-with-israe,2026-05-30,2026-05-29,2026-05-29
https://www.war.gov/news/releases/release/article/4504769/joint-statement-aukus-defense-ministers-meeting,2026-05-30,2026-05-30,2026-05-30
https://www.war.gov/news/releases/release/article/2977447/readout-of-secretary-of-defense-lloyd-austins-call-with-ukraines-minister-of-de/source/readout-of-secretary-of-defense-lloyd-austins-call-with-ukraines-minister-of-de,2022-03-24,2022-03-24,2022-03-24
https://www.war.gov/news/releases/release/article/2106563/airbase-defense-falls-between-the-cracks,2026-04-07,2020-04-01,2020-04-01
https://www.war.gov/news/releases/release/article/3057517/fact-sheet-on-wmd-threat-reduction-efforts-with-ukraine-russia-and-other-former/%5c,2022-06-10,2022-06-09,2022-06-09
https://www.war.gov/news/releases/release/article/3087750/400-million-in-additional-security-assistance-for-ukraine/%5c,2022-07-13,2022-07-08,2022-07-08
https://www.war.gov/news/releases/release/article/3179323/625-million-in-additional-security-assistance-for-ukraine/%5c,2022-10-06,2022-10-04,2022-10-04
https://www.war.gov/news/releases/release/article/3210297/400-million-in-additional-security-assistance-for-ukraine/%5c,2022-11-04,2022-11-04,2022-11-04
https://www.war.gov/news/releases/release/article/3216287/400-million-in-additional-assistance-for-ukraine/%5c,2022-11-12,2022-11-10,2022-11-10
https://www.war.gov/news/releases/release/article/3383288/biden-administration-announces-additional-security-assistance-for-ukraine/%5c,2024-09-19,2023-05-03,2023-05-03
https://www.war.gov/news/releases/release/article/3388890/biden-administration-announces-additional-security-assistance-for-ukraine/%5c,2023-05-10,2023-05-09,2023-05-09
https://www.war.gov/news/releases/release/article/3470064/biden-administration-announces-additional-security-assistance-for-ukraine/%5c,2023-07-27,2023-07-25,2023-07-25
https://www.war.gov/news/releases/release/article/3516840/biden-administration-announces-additional-security-assistance-for-ukraine/%5c,2024-01-10,2023-09-06,2023-09-06
https://www.war.gov/news/releases/release/article/3787579/biden-administration-announces-new-security-assistance-for-ukraine/%5c,2024-09-20,2024-05-24,2024-05-24
https://www.war.gov/news/releases/release/article/3818005/readout-of-secretary-of-defense-lloyd-j-austin-iiis-call-with-philippine-secret/%5c,2024-06-26,2024-06-26,2024-06-26
https://www.war.gov/news/releases/release/article/3451570/biden-administration-announces-additional-security-assistance-for-ukraine/%5c,2024-03-30,2023-07-07,2023-07-07
https://www.war.gov/news/releases/release/article/3507156/deputy-secretary-of-defense-kathleen-hicks-keynote-address-the-urgency-to-innov,2026-02-11,2023-08-28,2023-08-28
https://www.war.gov/news/releases/release/article/2585399/assessing-russian-cyber-effects,2026-02-10,2021-05-03,2021-05-03
https://www.war.gov/news/releases/release/article/4330087/readout-of-the-us-israel-defense-policy-advisory-group,2026-01-26,2025-09-28,2025-09-28
https://www.war.gov/news/releases/release/article/4350469/joint-readout-of-the-meeting-of-defense-ministers-from-australia-japan-the-phil,2026-01-26,2025-11-02,2025-11-02
https://www.war.gov/news/releases/release/article/2996192/dod-launches-step-forward-campaign-during-national-sexual-assault-awareness-and/source/dod-launches-step-forward-campaign-during-national-sexual-assault-awareness-and,2022-04-11,2022-04-11,2022-04-11
https://www.war.gov/news/speeches/speech/article/4164715/remarks-by-secretary-of-defense-pete-hegseth-at-the-army-war-college-as-deliver/%5c,2025-04-24,2025-04-23,2025-04-23
https://www.war.gov/news/speeches/speech/article/3059852/remarks-at-the-shangri-la-dialogue-by-secretary-of-defense-lloyd-j-austin-iii-a/%5c,2024-05-17,2022-06-11,2022-06-11
https://www.war.gov/news/speeches/speech/article/4359074/remarks-by-secretary-of-war-pete-hegseth-on-the-arsenal-of-freedom-as-delivered,2026-01-09,2025-11-07,2025-11-07
https://www.war.gov/news/releases/release/article/4373247/the-war-department-strengthens-measures-to-protect-dowfunded-research,2026-01-08,2026-01-08,2026-01-08
https://www.war.gov/news/releases/release/article/3852919/secretary-antony-j-blinken-secretary-of-defense-lloyd-j-austin-iii-japanese-for,2026-01-03,2024-07-28,2024-07-28
https://www.war.gov/news/speeches/speech/article/3010300/secretary-austins-opening-remarks-at-the-ukraine-defense-consultative-group-ram/%5c,2022-04-26,2022-04-26,2022-04-26
https://www.war.gov/news/releases/release/article/3006230/statement-on-800-million-in-additional-security-assistance-for-ukraine/source/statement-on-800-million-in-additional-security-assistance-for-ukraine,2022-04-24,2022-04-21,2022-04-21
https://www.war.gov/news/releases/release/article/2998460/dod-to-build-project-pele-mobile-microreactor-and-perform-demonstration-at-idah/source/dod-to-build-project-pele-mobile-microreactor-and-perform-demonstration-at-idah,2022-11-01,2022-04-13,2022-04-13
https://www.war.gov/news/releases/release/article/3098291/dod-announces-women-peace-and-security-2022-report/source/dod-announces-women-peace-and-security-2022-report,2022-07-19,2022-07-19,2022-07-19
https://www.war.gov/news/releases/release/article/4023145/dod-releases-list-of-chinese-military-companies-in-accordance-with-section-1260/%5c%5c%5c,2025-01-07,2025-01-07,2025-01-07
https://www.war.gov/news/releases/release/article/4341281/readout-of-assistant-secretary-of-war-for-international-security-affairs-daniel,2025-11-24,2025-11-24,2025-11-24
https://www.war.gov/news/releases/release/article/3138105/nearly-3-billion-in-additional-security-assistance-for-ukraine/force_isolation/nearly-3-billion-in-additional-security-assistance-for-ukraine,2022-08-24,2022-08-24,2022-08-24
https://www.war.gov/news/releases/release/article/4333480/general-and-flag-officers-announcement,2025-11-17,2025-11-17,2025-11-17
https://www.war.gov/news/releases/release/article/2980584/dod-transmits-2022-national-defense-strategy/source/dod-transmits-2022-national-defense-strategy,2024-07-08,2022-03-28,2022-03-28
https://www.war.gov/news/releases/release/article/2964521/flag-officer-assignments/source/flag-officer-assignments,2022-03-12,2022-03-11,2022-03-11
https://www.war.gov/news/releases/release/article/3102984/270-million-in-additional-security-assistance-for-ukraine/source/270-million-in-additional-security-assistance-for-ukraine,2022-07-22,2022-07-22,2022-07-22
https://www.war.gov/news/releases/release/article/352319/altus-airmen-help-kicks-butts-in-altus,2025-03-19,,2025-03-19
https://www.war.gov/news/releases/release/article/4330204/department-of-war-establishes-cybercom-20-revised-cyber-force-generation-model,2025-11-14,2025-11-06,2025-11-06
https://www.war.gov/news/releases/release/article/2999113/800-million-in-additional-security-assistance-for-ukraine/source/800-million-in-additional-security-assistance-for-ukraine,2022-04-14,2022-04-13,2022-04-13
https://www.war.gov/news/releases/release/article/3180636/dod-releases-list-of-peoples-republic-of-china-prc-military-companies-in-accord/utm_source/substack/utm_medium/dod-releases-list-of-peoples-republic-of-china-prc-military-companies-in-accord,2023-04-11,2022-10-05,2022-10-05
https://www.war.gov/news/releases/release/article/3246268/department-of-defense-releases-annual-demographics-report-upward-trend-in-numbe/%5c,2022-12-14,2022-12-14,2022-12-14
https://www.war.gov/news/releases/release/article/2987119/defense-department-announces-300-million-in-additional-assistance-for-ukraine/source/defense-department-announces-300-million-in-additional-assistance-for-ukraine,2022-04-02,2022-04-01,2022-04-01
https://www.war.gov/news/speeches/speech/article/684118/remarks-on-securing-the-oceans-the-internet-and-space-protecting-the-domains-th/%5c,2022-05-29,2016-03-01,2016-03-01
https://www.war.gov/news/releases/release/article/3359459/fact-sheet-us-philippines-22-ministerial-dialogue/%5c,2023-04-12,2023-04-11,2023-04-11
https://www.war.gov/news/speeches/speech/article/4064113/opening-remarks-by-secretary-of-defense-pete-hegseth-at-ukraine-defense-contact/%5c%5c%5c,2025-02-12,2025-02-12,2025-02-12
https://www.war.gov/news/releases/release/article/3703410/department-of-defense-releases-the-presidents-fiscal-year-2025-defense-budget/%5c,2024-09-24,2024-03-11,2024-03-11
https://www.war.gov/news/speeches/speech/article/605594/submitted-statement-house-armed-services-committee-overseas-contingency-operati,2022-01-20,2014-07-16,2014-07-16
https://www.war.gov/news/speeches/speech/article/605595/opening-summary-house-armed-services-committee-overseas-contingency-operations,2022-10-07,2014-07-16,2014-07-16
https://www.war.gov/news/speeches/speech/article/605597/welcoming-ceremony-for-senior-dod-leaders,2024-02-23,2014-08-04,2014-08-04
https://www.war.gov/news/speeches/speech/article/605598/national-defense-university-convocation,2022-02-02,2014-08-05,2014-08-05
https://www.war.gov/news/speeches/speech/article/605599/observer-research-foundation-new-delhi,2022-01-10,2014-08-09,2014-08-09
https://www.war.gov/news/speeches/speech/article/605600/us-special-operations-command-change-of-command,2024-07-02,2014-08-28,2014-08-28
https://www.war.gov/news/speeches/speech/article/605602/defense-innovation-days-opening-keynote-southeastern-new-england-defense-indust,2021-10-25,2014-09-03,2014-09-03
https://www.war.gov/news/speeches/speech/article/605606/farewell-parade-for-senator-carl-levin-and-congressman-buck-mckeon,2024-02-23,2014-09-12,2014-09-12
https://www.war.gov/news/speeches/speech/article/605607/statement-on-iraq-syria-and-isil-before-the-senate-armed-services-committee,2022-02-25,2014-09-16,2014-09-16
https://www.war.gov/news/speeches/speech/article/605609/afa-2014-conference-and-exposition-delivered-by-usd-frank-kendall,2022-01-20,2014-09-17,2014-09-17
https://www.war.gov/news/releases/release/article/1020819/readout-of-secretary-of-defense-ash-carters-meeting-with-japanese-prime-ministe,2024-10-25,2016-12-06,2016-12-06
https://www.war.gov/news/releases/release/article/1021548/readout-of-deputy-secretary-of-defense-bob-works-meeting-with-ukrainian-deputy,2022-02-08,2016-12-06,2016-12-06
https://www.war.gov/news/releases/release/article/1024228/joint-india-united-states-statement-on-the-visit-of-secretary-of-defense-carter,2024-06-22,2016-12-08,2016-12-08
https://www.war.gov/news/releases/release/article/1025305/secretary-carter-arrives-in-afghanistan-for-visit-to-thank-us-troops,2025-03-17,2016-12-09,2016-12-09
https://www.war.gov/news/releases/release/article/1025312/statement-from-secretary-of-defense-ash-carter-on-the-death-of-sen-john-glenn,2025-03-17,2016-12-09,2016-12-09
https://www.war.gov/news/releases/release/article/1026668/statement-by-pentagon-press-secretary-peter-cook-on-secretary-carters-visit-to,2024-06-19,2016-12-11,2016-12-11
https://www.war.gov/news/releases/release/article/1031240/readout-of-secretary-carters-meeting-with-turkish-minister-of-defense-fikri-iik,2024-06-19,2016-12-15,2016-12-15
https://www.war.gov/news/releases/release/article/1032611/statement-by-pentagon-press-secretary-peter-cook-on-incident-in-south-china-sea,2022-01-18,2016-12-16,2016-12-16
https://www.war.gov/news/releases/release/article/1034224/statement-by-pentagon-press-secretary-peter-cook-on-return-of-us-navy-uuv,2024-07-17,2016-12-19,2016-12-19
https://www.war.gov/news/releases/release/article/1035888/statement-by-pentagon-press-secretary-peter-cook-on-us-russia-video-conference,2022-05-13,2016-12-21,2016-12-21
https://www.war.gov/news/releases/release/article/1100948/general-officer-assignments,2021-11-06,2017-03-02,2017-03-02
https://www.war.gov/news/releases/release/article/1105891/readout-of-secretary-mattis-meeting-with-israeli-minister-of-defense-avigdor-li,2023-06-12,2017-03-07,2017-03-07
https://www.war.gov/news/releases/release/article/1112376/general-officer-announcements,2024-08-06,2017-03-14,2017-03-14
https://www.war.gov/news/releases/release/article/1114265/dod-releases-report-on-sexual-harassment-and-violence-at-military-service-acade,2022-09-29,2017-03-15,2017-03-15
https://www.war.gov/news/releases/release/article/1119756/flag-officer-assignments,2025-03-17,2017-03-15,2017-03-15
https://www.war.gov/news/releases/release/article/1178814/senior-executive-service-announcements,2025-03-17,2017-05-10,2017-05-10
https://www.war.gov/news/releases/release/article/1179489/readout-from-secretary-jim-mattis-bilateral-meeting-with-uk-state-secretary-for,2022-12-09,2017-05-11,2017-05-11
https://www.war.gov/news/releases/release/article/1185753/readout-of-secretary-mattis-bilateral-meeting-with-norwegian-minister-of-defens,2025-03-17,2017-05-17,2017-05-17
https://www.war.gov/news/releases/release/article/1187041/readout-of-secretary-of-defense-jim-mattis-meeting-with-swedish-minister-of-def,2025-03-17,2017-05-18,2017-05-18
https://www.war.gov/news/releases/release/article/1208055/readout-of-secretary-mattis-meeting-with-indonesian-coordinating-minister-for-m,2025-03-17,2017-06-08,2017-06-08
https://www.war.gov/news/releases/release/article/1214597/statement-by-secretary-of-defense-jim-mattis-on-afghanistan-troop-levels,2022-03-30,2017-06-14,2017-06-14
https://www.war.gov/news/releases/release/article/1218600/general-officer-assignments,2024-11-22,2017-06-19,2017-06-19
https://www.war.gov/news/releases/release/article/1231985/readout-of-secretary-mattis-bilateral-meeting-with-germany-minister-of-defense,2025-03-17,2017-06-28,2017-06-28
https://www.war.gov/news/releases/release/article/1232926/readout-of-secretary-mattis-bilateral-meeting-with-polish-minister-of-defense-m,2025-03-17,2017-06-29,2017-06-29
https://www.war.gov/news/releases/release/article/1233068/the-united-states-the-united-kingdom-and-norway-trilateral-declaration-of-inten,2024-05-11,2017-06-29,2017-06-29
https://www.war.gov/news/releases/release/article/1240912/readout-from-secretary-jim-mattis-bilateral-meeting-with-uk-secretary-of-state,2025-03-17,2017-07-07,2017-07-07
https://www.war.gov/news/releases/release/article/1302556/dod-leans-forward-to-support-preparation-and-response-efforts-for-hurricane-irma,2022-05-22,2017-09-07,2017-09-07
https://www.war.gov/news/releases/release/article/1307792/readout-of-secretary-mattis-meeting-with-portuguese-minister-of-defense-jos-alb,2025-03-17,2017-09-12,2017-09-12
https://www.war.gov/news/releases/release/article/1308747/readout-of-deputy-secretary-shanahans-meeting-with-minister-of-defence-marina-p,2025-03-17,2017-09-12,2017-09-12
https://www.war.gov/news/releases/release/article/1313217/flag-officer-assignments,2025-03-17,2017-09-15,2017-09-15
https://www.war.gov/news/releases/release/article/1316891/dod-announces-secretary-of-defense-maintenance-award-winners,2025-03-17,2017-09-19,2017-09-19
https://www.war.gov/news/releases/release/article/1318843/readout-of-secretary-mattis-meeting-with-romanian-minister-of-defense-mihai-vio,2025-03-17,2017-09-20,2017-09-20
https://www.war.gov/news/releases/release/article/1318850/readout-of-secretary-mattis-meeting-with-australian-minister-of-defense-marise,2025-01-14,2017-09-20,2017-09-20
https://www.war.gov/news/releases/release/article/1320382/readout-of-secretary-mattis-meeting-with-polish-minister-of-defense-antoni-maci,2025-03-17,2017-09-21,2017-09-21
https://www.war.gov/news/releases/release/article/1385667/readout-of-secretary-mattis-call-with-japan-minister-of-defense-itsunori-onodera,2022-01-25,2017-12-01,2017-12-01
https://www.war.gov/news/releases/release/article/1386284/secretary-mattis-meets-with-president-el-sisi-of-egypt,2022-09-27,2017-12-02,2017-12-02
https://www.war.gov/news/releases/release/article/1393719/dod-complying-with-court-orders-to-access-transgender-persons-into-the-military,2022-07-15,2017-12-11,2017-12-11
https://www.war.gov/news/releases/release/article/1396644/navy-to-commission-littoral-combat-ship-little-rock,2025-03-17,2017-12-14,2017-12-14
https://www.war.gov/news/releases/release/article/1439665/readout-from-secretary-mattis-meeting-with-italian-defense-minister-pinotti,2022-01-06,2018-02-12,2018-02-12
https://www.war.gov/news/releases/release/article/1441928/dod-to-host-acquisition-industry-day-for-the-joint-enterprise-defense-infrastru,2022-12-05,2018-02-14,2018-02-14
https://www.war.gov/news/releases/release/article/1442333/readout-from-secretary-james-n-mattis-bilateral-meeting-with-poland-minister-of,2022-01-06,2018-02-14,2018-02-14
https://www.war.gov/news/releases/release/article/1442705/accelerating-enterprise-cloud-adoption,2022-11-15,2018-02-15,2018-02-15
https://www.war.gov/news/releases/release/article/1443712/readout-from-secretary-james-n-mattis-bilateral-meeting-with-turkish-minister-o,2022-01-06,2018-02-15,2018-02-15
https://www.war.gov/news/releases/release/article/1444846/readout-of-secretary-mattis-meeting-with-bulgarian-minister-of-defense-krasimir,2022-01-06,2018-02-15,2018-02-15
https://www.war.gov/news/releases/release/article/1444861/readout-of-secretary-mattis-meeting-with-french-minister-of-defense-florence-pa,2022-01-06,2018-02-16,2018-02-16
https://www.war.gov/news/releases/release/article/1444937/readout-of-secretary-james-n-mattis-meeting-with-georgian-prime-minister-giorgi,2024-10-16,2018-02-17,2018-02-17
https://www.war.gov/news/releases/release/article/1448243/event-access-update-dod-acquisition-industry-day-for-the-joint-enterprise-defen,2025-03-17,2018-02-22,2018-02-22
https://www.war.gov/news/releases/release/article/1486018/statement-by-chief-pentagon-spokesperson-dana-w-white-on-enhanced-border-securi,2023-02-07,2018-04-05,2018-04-05
https://www.war.gov/news/releases/release/article/1487266/readout-of-secretary-of-defense-james-n-mattis-meeting-with-slovenian-minister,2025-03-17,2018-04-06,2018-04-06
https://www.war.gov/news/releases/release/article/1487330/joint-statement-by-secretary-of-defense-james-mattis-and-secretary-of-homeland,2025-01-03,2018-04-06,2018-04-06
https://www.war.gov/news/releases/release/article/1489328/flag-officer-assignments,2022-06-01,2018-04-10,2018-04-10
https://www.war.gov/news/releases/release/article/1489941/flag-officer-announcements,2022-08-17,2018-04-10,2018-04-10
https://www.war.gov/news/releases/release/article/1490943/readout-of-secretary-of-defense-james-n-mattis-meeting-with-dutch-minister-of-d,2024-06-19,2018-04-11,2018-04-11
https://www.war.gov/news/releases/release/article/1491644/navy-to-christen-littoral-combat-ship-indianapolis,2025-02-19,2018-04-12,2018-04-12
https://www.war.gov/news/releases/release/article/1544680/readout-of-secretary-of-defense-james-n-mattis-meeting-with-german-minister-of,2025-03-17,2018-06-08,2018-06-08
https://www.war.gov/news/releases/release/article/1545168/defeat-isisdaesh-defense-ministerial-joint-statement,2024-12-09,2018-06-08,2018-06-08
https://www.war.gov/news/releases/release/article/1548502/general-officer-announcements,2024-11-09,2018-06-12,2018-06-12
https://www.war.gov/news/releases/release/article/1548955/defense-department-recognizes-exceptional-sexual-assault-response-coordinators,2021-12-01,2018-06-13,2018-06-13
https://www.war.gov/news/releases/release/article/1552229/general-officer-assignments,2022-09-27,2018-06-15,2018-06-15
https://www.war.gov/news/releases/release/article/1555988/readout-of-secretary-of-defense-james-n-mattis-meeting-with-german-minister-of,2025-03-17,2018-06-20,2018-06-20
https://www.war.gov/news/releases/release/article/1557149/general-officer-announcements,2025-03-17,2018-06-21,2018-06-21
https://www.war.gov/news/releases/release/article/1645953/readout-of-secretary-of-defense-james-n-mattis-meeting-with-romanian-defense-mi,2025-03-17,2018-09-26,2018-09-26
https://www.war.gov/news/releases/release/article/1649739/statement-by-pentagon-chief-spokesperson-ms-dana-w-white-on-macedonias-referend,2025-03-17,2018-10-01,2018-10-01
https://www.war.gov/news/releases/release/article/1652915/readout-of-secretary-of-defense-james-n-mattis-meeting-with-german-minister-of,2022-07-05,2018-10-03,2018-10-03
https://www.war.gov/news/releases/release/article/1653169/readout-of-secretary-of-defense-james-n-mattis-meeting-with-georgia-defense-min,2022-05-22,2018-10-03,2018-10-03
https://www.war.gov/news/releases/release/article/1656417/general-officer-assignments,2021-12-02,2018-10-05,2018-10-05
https://www.war.gov/news/releases/release/article/1657778/readout-of-secretary-of-defense-james-n-mattis-meeting-with-greek-defense-minis,2021-10-25,2018-10-09,2018-10-09
https://www.war.gov/news/releases/release/article/1731648/us-and-qatar-sign-mou-reaffirming-qatars-commitment-to-supporting-us-military-a,2021-10-25,2019-01-14,2019-01-14
https://www.war.gov/news/releases/release/article/1742285/readout-of-acting-secretary-of-defense-patrick-m-shanahans-meeting-with-nato-se,2024-02-25,2019-01-28,2019-01-28
https://www.war.gov/news/releases/release/article/1744106/navy-to-commission-submarine-south-dakota,2021-10-21,2019-01-30,2019-01-30
https://www.war.gov/news/releases/release/article/1744988/dod-releases-annual-report-on-sexual-harassment-and-violence-at-the-military-se,2021-12-01,2019-01-31,2019-01-31
https://www.war.gov/news/releases/release/article/1812811/argentina-declassification-project,2024-06-13,2019-04-12,2019-04-12
https://www.war.gov/news/releases/release/article/1815168/general-officer-assignments,2021-09-27,2019-04-16,2019-04-16
https://www.war.gov/news/releases/release/article/1818495/readout-of-acting-secretary-of-defense-patrick-m-shanahans-meeting-with-albania,2025-03-17,2019-04-18,2019-04-18
https://www.war.gov/news/releases/release/article/1890258/acting-secretary-of-defense-mark-t-espers-meeting-with-afghan-acting-minister-o,2025-03-17,2019-06-27,2019-06-27
https://www.war.gov/news/releases/release/article/1890263/acting-secretary-of-defense-mark-t-espers-meeting-with-german-minister-of-defen,2025-03-17,2019-06-27,2019-06-27
https://www.war.gov/news/releases/release/article/1891689/us-israel-defense-policy-advisory-group,2024-09-23,2019-06-30,2019-06-30
https://www.war.gov/news/releases/release/article/1898409/readout-of-acting-secretary-of-defense-mark-t-espers-meeting-with-emir-of-qatar,2025-03-17,2019-07-09,2019-07-09
https://www.war.gov/news/releases/release/article/1992704/statement-from-the-secretary-of-defense,2022-01-27,2019-10-18,2019-10-18
https://www.war.gov/news/releases/release/article/1997467/readout-of-secretary-of-defense-mark-t-espers-meeting-with-croatian-minister-of,2025-03-17,2019-10-24,2019-10-24
https://www.war.gov/news/releases/release/article/1998776/readout-of-secretary-of-defense-mark-t-espers-meeting-with-montenegrin-minister,2025-03-17,2019-10-25,2019-10-25
https://www.war.gov/news/releases/release/article/1999651/dod-announces-enterprise-general-purpose-cloud-contract-award,2024-10-15,2019-10-25,2019-10-25
https://www.war.gov/news/releases/release/article/2055265/dod-identifies-army-casualties,2021-09-23,2020-01-12,2020-01-12
https://www.war.gov/news/releases/release/article/2057223/readout-of-secretary-of-defense-mark-t-espers-meeting-with-japanese-defense-min,2021-09-30,2020-01-14,2020-01-14
https://www.war.gov/news/releases/release/article/2058597/us-prc-defense-policy-coordination-talks,2022-03-21,2020-01-16,2020-01-16
https://www.war.gov/news/releases/release/article/2059722/joint-statement-on-sixtieth-anniversary-of-the-signing-of-the-treaty-of-mutual,2021-10-21,2020-01-17,2020-01-17
https://www.war.gov/news/releases/release/article/2067337/readout-of-secretary-of-defense-mark-t-espers-meeting-with-french-minister-of-a,2022-11-26,2020-01-27,2020-01-27
https://www.war.gov/news/releases/release/article/2095532/readout-of-deputy-secretary-of-defense-david-l-norquists-meeting-with-kosovo-pr,2022-01-26,2020-02-26,2020-02-26
https://www.war.gov/news/releases/release/article/2099533/joint-statement-from-dos-doj-dod-dhs-odni-fbi-nsa-and-cisa-on-preparations-for,2024-10-13,2020-03-02,2020-03-02
https://www.war.gov/news/releases/release/article/2101012/readout-of-secretary-of-defense-dr-mark-t-espers-meeting-with-estonia-defense-m,2022-04-01,2020-03-03,2020-03-03
