ссылка,Отношение к России,Отношение к украинскому кризису,Отношение к Китаю,Позиция об изменении климата,Позиция о миграции,Отношение к глобализации,Отношение к НАТО,Отношение к ЕС,Отношение к ООН и дочерним организациям,Отношение к международной торговле,Позиция о демократиях в мире,Отношение к военным интервенциям,"Отношение к продвижению либеральной повестки (аборты, экстремисты-ЛГБТ, легализация наркотиков)",Отношение к Израилю,Отношение к многополярному мировому порядку
https://www.whitehouse.gov/fact-sheets/2026/09/fact-sheet-president-donald-j-trump-advances-a-fair-and-reciprocal-relationship-with-china-while-hosting-historic-state-visit/,,,"The two countries agreed to build a constructive relationship of strategic stability on the basis of respect, fairness, and reciprocity.",,,,,,,the two countries reached consensus on recommendations for more favorable tariff treatment for $30 billion of non-sensitive goods in each direction.,,,,,
https://www.whitehouse.gov/briefings-statements/2026/09/president-trump-takes-historic-action-to-eliminate-wasteful-and-harmful-spending/,,,,,"Thanks to President Trump’s successful border policies, the illegal alien invasion is over and there are fewer people crossing our border than ever before.",,,,,,,,,,
https://www.whitehouse.gov/briefings-statements/2026/09/agreement-between-the-government-of-the-united-states-of-america-and-the-government-of-the-kingdom-of-denmark-together-with-the-government-of-greenland-to-amend-and-supplement-the-agreement-of-27-apri/,,,,,,,the Defense Arrangements have promoted stability and well-being in the North Atlantic Treaty area by uniting the Parties’ efforts for collective defense,,,,,,,,
https://www.whitehouse.gov/fact-sheets/2026/09/fact-sheet-president-donald-j-trump-further-enhances-program-integrity-and-interagency-coordination-in-the-h-1b-visa-program/,,,,,"Immediately upon taking office, President Trump secured the border and ended the Biden Administration’s record-shattering illegal immigration into the U.S.",,,,,,,,,,
https://www.whitehouse.gov/fact-sheets/2026/09/fact-sheet-president-donald-j-trump-restores-reciprocity-in-government-procurement/,,,,,,,,,,"President Trump is continuing to deliver on his promise to keep American workers, farmers, and businesses first by ending other countries’ unfair and unreasonable trade practices against the United States.",,,,,
https://www.whitehouse.gov/fact-sheets/2026/09/fact-sheet-president-donald-j-trump-responds-to-canadas-retaliation/,,,,,,,,,,President Trump is taking decisive and appropriate action to respond to Canada’s additional retaliation and continued discriminatory treatment of crucial American exports.,,,,,
https://www.whitehouse.gov/fact-sheets/2026/09/fact-sheet-president-donald-j-trump-supports-americas-ranchers/,,,,Years of pursuing radical climate activists’ misguided policies and driving up inflation left farmers with historically high input costs,,,,,,"President Trump’s bold America First Trade Agenda has dramatically increased global market access, strengthened farmer and rancher incomes",,,,,
https://www.whitehouse.gov/fact-sheets/2026/09/fact-sheet-president-donald-j-trump-promotes-fair-competition-in-livestock-markets-and-expands-market-access-for-american-meat-producers/,,,,Record-low beef herd size from the Biden Administration’s war on cattle that pursued radical climate activists’ misguided policies,,,,,,,,,,,
https://www.whitehouse.gov/fact-sheets/2026/08/fact-sheet-president-donald-j-trump-announces-historic-oil-agreement-to-secure-american-energy-dominance-and-drive-venezuelas-economic-recovery/,,,,,,,,,,,"a key step in the Trump Administration’s three-part plan of stabilization, reconstruction and democratic transition.",a key precondition to driving continued reform and democratic transition following the incredible success of Operation Absolute Resolve,,,
https://www.whitehouse.gov/fact-sheets/2026/08/fact-sheet-president-donald-j-trump-further-ensures-affordable-beef-for-the-american-consumer/,,,,Years of pursuing radical climate activists’ misguided policies and inciting inflation that left farmers with historically high input costs,,,,,,,,,,,
https://www.whitehouse.gov/fact-sheets/2026/08/fact-sheet-president-donald-j-trump-declares-a-national-emergency-to-secure-americas-bulk-power-system/,,,,,,"decades of short-sighted, globalist trade policies that hollowed out our domestic steel and aluminum industries",,,,"President Trump revolutionized international trade by using Section 232 to address decades of short-sighted, globalist trade policies",,,,,
https://www.whitehouse.gov/briefings-statements/2026/08/presidential-message-on-overdose-and-drug-poisoning-awareness-week/,,,,,,,,,,,,I have also directed military forces to conduct strikes on dozens of narcotrafficking boats to disrupt the flow of maritime supply routes.,,,
https://www.whitehouse.gov/fact-sheets/2026/08/fact-sheet-president-donald-j-trump-bolsters-national-security-and-strengthens-u-s-supply-chains-by-imposing-tariffs-on-drones-and-their-parts-and-components/,,,,,,"decades of short-sighted, globalist trade policies that hollowed out our domestic steel and aluminum industries, impairing our national security.",,,,The Proclamation imposes a 100% ad valorem tariff on drones of a certain size or with certain capabilities that are particularly sensitive for national security purposes,,,,,
https://www.whitehouse.gov/fact-sheets/2026/08/fact-sheet-president-donald-j-trump-ends-birth-tourism-and-protects-the-meaning-and-value-of-american-citizenship/,,,,,taking immediate action to end the Biden Administration’s record-shattering illegal immigration into the U.S.,,,,,,,,,,
https://www.whitehouse.gov/fact-sheets/2026/08/fact-sheet-president-donald-j-trump-bolsters-national-security-and-strengthens-u-s-supply-chains-by-imposing-tariffs-on-polysilicon-and-its-derivatives/,,,,,,"decades of short-sighted, globalist trade policies that hollowed out our domestic steel and aluminum industries, impairing our national security.",,,,"Today, President Donald J. Trump signed a Proclamation to protect America’s polysilicon industry and supply chain from imports that threaten national security.",,,,,
https://www.whitehouse.gov/briefings-statements/2026/08/presidential-message-on-the-birthday-of-the-united-states-coast-guard/,,,,,"Every day, they are bravely turning back the illegal invasion at sea",,,,,,,,,,
https://www.whitehouse.gov/briefings-statements/2026/07/agreement-between-the-united-states-of-america-and-the-hashemite-kingdom-of-jordan-on-reciprocal-trade/,,,,,,,,,,INTENDING to enhance reciprocity in their bilateral trade relationship by securing preferential trade arrangements and addressing tariff and non-tariff barriers,,,,,
https://www.whitehouse.gov/fact-sheets/2026/07/fact-sheet-president-donald-j-trump-announces-trade-deal-with-jordan/,,,,,,,,,,Today’s announcement shows that America can defend its domestic production while obtaining and maintaining expansive market access with our trading partners.,,,,,
https://www.whitehouse.gov/fact-sheets/2026/07/fact-sheet-president-donald-j-trump-takes-further-action-to-adjust-imports-of-aluminum-into-the-united-states/,,,,,,"decades of short-sighted, globalist trade policies that had allowed our domestic steel and aluminum industries to weaken, impairing our national security.",,,,President Trump has utilized tariffs on imported aluminum to protect the national security of the United States and its defense and defense-adjacent industrial base.,,,,,
https://www.whitehouse.gov/fact-sheets/2026/07/fact-sheet-president-donald-j-trump-imposes-additional-tariffs-on-canada/,,,only two countries have chosen to retaliate against President Trump’s tariffs rather than negotiate a deal with the United States: the People’s Republic of China and Canada.,,,,,,,"President Trump is delivering on his promise to secure better outcomes for American workers, farmers, and businesses by using tariffs to restore reciprocity to trade",,,,,
https://www.whitehouse.gov/briefings-statements/2026/07/presidential-message-on-the-birthday-of-saint-frances-xavier-cabrini/,,,,,"An immigrant who proudly became a citizen of the United States, Saint Frances Xavier Cabrini cherished America as her beloved home",,,,,,,,,,
https://www.whitehouse.gov/releases/2026/07/president-trumps-relentless-strategy-is-dismantling-fentanyl-networks-and-saving-lives/,,,President Trump imposed targeted fentanyl tariffs on China — later expanded to Canada and Mexico — forcing Beijing to tighten controls on 13 key precursor chemicals.,,,,,,,,,"U.S. military forces have conducted strikes on dozens of narcotrafficking vessels in the Pacific and Caribbean, severely degrading maritime supply routes.",,,
https://www.whitehouse.gov/fact-sheets/2026/07/fact-sheet-president-donald-j-trump-secures-historic-defense-investment-from-nato-allies-powering-american-industry/,,,,,,,"President Trump is transforming NATO from a model of dependency to one of true partnership, restoring the focus and determination of the founding Alliance.",,,,,,,,
https://www.whitehouse.gov/fact-sheets/2026/07/fact-sheet-president-donald-j-trump-adjusts-imports-of-commercial-aircraft-jet-engines-and-aircraft-and-engine-parts-into-the-united-states/,,,,,,"decades of short-sighted, globalist trade policies that had allowed our domestic steel and aluminum industries to weaken, impairing our national security.",,,,decades of foreign government market interventions have unfairly eroded our producers’ global market share.,,,,,
https://www.whitehouse.gov/fact-sheets/2026/06/fact-sheet-president-donald-j-trump-declares-an-emergency-and-authorizes-the-temporary-suspension-of-certain-duties-on-phosphate-fertilizer-from-morocco/,,,,,,,,,,"President Trump’s bold America First Trade Agenda has dramatically increased global market access, strengthened farmer incomes, supported rural jobs",,,,,
https://www.whitehouse.gov/briefings-statements/2026/06/presidential-message-on-fathers-day/,,,,,"We are also keeping our neighborhoods safe by securing our borders, removing deadly drugs and criminal illegal aliens from our streets",,,,,,,,,,
https://www.whitehouse.gov/fact-sheets/2026/06/fact-sheet-president-donald-j-trump-strengthens-customs-enforcement/,,,,,,,,,,"President Trump suspended the de minimis loophole — long exploited by foreign shippers to flood American markets with cheap, duty-free goods",,,,,
https://www.whitehouse.gov/fact-sheets/2026/06/fact-sheet-president-donald-j-trump-updates-tariffs-on-steel-aluminum-and-copper-imports/,,,,,,"decades of short-sighted, globalist trade policies that had allowed domestic steel and aluminum industries to weaken, impairing our national security.",,,,"the financial position of American families, communities, and businesses from the threat of low-priced foreign imports.",,,,,
https://www.whitehouse.gov/briefings-statements/2026/05/presidential-message-on-national-missing-childrens-day/,,,,,"Under the previous administration, 4 years of radical open-border policies resulted in hundreds of thousands migrant children lost or placed with unvetted sponsors.",,,,,,,,,,
https://www.whitehouse.gov/fact-sheets/2026/05/fact-sheet-president-donald-j-trump-restores-integrity-to-americas-financial-system/,,,,,"Extending mortgages, credit cards, and auto loans to illegal aliens who face potential removal or loss of wages creates structural credit risks",,,,,,,,,,
https://www.whitehouse.gov/briefings-statements/2026/05/presidential-message-on-world-trade-week/,,,,,,Weak leaders accepted the flight of American production overseas as the price of doing business with the world,,,,"For decades, gutless politicians handed away our prosperity in the name of free trade—undercutting our workers, hollowing out our factories",,,,,
https://www.whitehouse.gov/fact-sheets/2026/05/fact-sheet-president-donald-j-trump-secures-historic-deals-with-china-delivering-for-american-workers-farmers-and-industry/,,,President Trump and President Xi agreed that the United States and China should build a constructive relationship of strategic stability on the basis of fairness and reciprocity.,,,,,,,"China will purchase at least $17 billion per year of U.S. agricultural products in 2026 (prorated), 2027, and 2028",,,,,
https://www.whitehouse.gov/briefings-statements/2026/05/presidential-message-on-mothers-day/,,,,,We have stopped the flow of dangerous illegal immigrants and deadly drugs like fentanyl and secured the strongest border in American history,,,,,,,,,,
https://www.whitehouse.gov/fact-sheets/2026/05/2026-national-drug-control-strategy-fact-sheet/,,,,,,,,,,,,President Trump stemmed the flow of drugs into our country by taking back our borders and executing kinetic strikes against narcoterrorists.,"a road map for the United States to defeat the scourge of illicit drugs and achieve a safe and healthy America, where a drug-free life is the prevailing norm.",,
https://www.whitehouse.gov/briefings-statements/2026/05/presidential-message-on-asian-american-and-pacific-islander-heritage-month/,,,,,,,,,,"we are forging powerful trade deals with our Asian and Pacific partners, which are expanding our access to key markets",,,,,
https://www.whitehouse.gov/fact-sheets/2026/05/fact-sheet-president-donald-j-trump-imposes-sanctions-on-cuban-regime-officials-responsible-for-repression-and-threats-to-u-s-national-security-and-foreign-policy/,,,,,Cuba’s corrupt regime continues to drive migration towards the United States,,,,,,"The regime persecutes and tortures political opponents, denies its citizens free speech rights","In Operation Midnight Hammer, President Trump decisively eliminated Iran’s nuclear weapons capability via targeted military strikes",,,
https://www.whitehouse.gov/briefings-statements/2026/04/presidential-message-on-national-apprenticeship-week/,,,,,we celebrate the value of apprenticeships and the hardworking Americans—not illegal immigrants—who are building the future of this country,,,,,"To shield American manufacturing from unfair foreign competition and bring jobs back to our shores, we are imposing robust tariffs",,,,,
https://www.whitehouse.gov/briefings-statements/2026/04/presidential-message-on-national-crime-victims-week/,,,,,I immediately took action to secure the border and end the invasion of criminal illegal aliens into our country.,,,,,,,,,,
https://www.whitehouse.gov/fact-sheets/2026/04/advancing-the-united-states-hungary-bilateral-partnership/,,,,,,,enhancing Hungary’s ability to deter aggression while supporting American manufacturing jobs and strengthening NATO’s collective defense posture along the Eastern Flank.,,,,,,,,
https://www.whitehouse.gov/briefings-statements/2026/04/presidential-message-on-national-sexual-assault-awareness-month/,,,,,the previous administration empowered a violent wave of criminal illegal aliens to invade our Nation through a wide-open southern border.,,,,,,,,,,
https://www.whitehouse.gov/briefings-statements/2026/04/presidential-message-on-national-child-abuse-prevention-month/,,,,,"my Administration has located more than 60,000 migrant children, most of whom were lost on Joe Biden’s watch",,,,,,,,,,
https://www.whitehouse.gov/fact-sheets/2026/04/fact-sheet-president-donald-j-trump-strengthens-tariffs-on-steel-aluminum-and-copper-imports/,,,,,,"addressing decades of short-sighted, globalist trade policies that had allowed these domestic industries to weaken.",,,,"signed a Proclamation to strengthen tariffs imposed on imported steel, aluminum, and copper in order to more effectively address the national-security threat posed by such imports.",,,,,
https://www.whitehouse.gov/fact-sheets/2026/04/fact-sheet-president-donald-j-trump-bolsters-national-security-and-strengthens-u-s-supply-chains-by-imposing-tariffs-on-patented-pharmaceutical-products/,,,,,,,,,,patented pharmaceuticals and associated pharmaceutical ingredients are being imported into the United States in such quantities and under such circumstances as to threaten to impair our national security.,,,,,
https://www.whitehouse.gov/fact-sheets/2026/03/fact-sheet-president-donald-j-trump-establishes-the-task-force-to-eliminate-fraud/,,,,,"“The first duty of the American government is to protect American citizens, not illegal aliens.”",,,,,,,,,,
https://www.whitehouse.gov/fact-sheets/2026/03/fact-sheet-president-donald-j-trump-ensures-truthful-advertising-of-products-claiming-to-be-made-in-america/,,,,,,,,,,He has directed his Administration to aggressively pursue trade agreements that stop foreign nations from cheating the system and undercutting American producers.,,,,,
https://www.whitehouse.gov/fact-sheets/2026/03/fact-sheet-president-donald-j-trump-advances-energy-affordability-with-the-ratepayer-protection-pledge/,,,,"President Trump terminated the job-killing “Green New Scam,” ended massive taxpayer subsidies for unreliable energy sources",,,,,,,,,,,
https://www.whitehouse.gov/fact-sheets/2026/02/fact-sheet-president-donald-j-trump-imposes-a-temporary-import-duty-to-address-fundamental-international-payment-problems/,,,,,,reshape the long-distorted global trading system that has undermined the economic and national security of our country,,,,"Tariffs will continue to be a critical tool in President Trump’s toolbox for protecting American businesses and workers, reshoring domestic production",,,,,
https://www.whitehouse.gov/fact-sheets/2026/02/fact-sheet-trump-administration-finalizes-trade-deal-with-indonesia/,,,,,,,,,,the Trump Administration finalized a landmark trade agreement with Indonesia that will provide Americans with unprecedented market access,,,,,
https://www.whitehouse.gov/briefings-statements/2026/02/implementation-of-the-agreement-toward-a-new-golden-age-for-the-u-s-indonesian-alliance/,,,,,,,,,,"The Agreement will help both countries to strengthen economic security, promote economic growth, and thereby continuously lead to global prosperity.",,,,,
https://www.whitehouse.gov/briefings-statements/2026/02/presidential-message-on-susan-b-anthony-day/,,,,,,,,,,,,,"We are bolstering federal support for adoption, expanding vital resources for expectant mothers, defending equal opportunities for women and girls in athletics, ending taxpayer-funded abortion",,
https://www.whitehouse.gov/briefings-statements/2026/02/birthday-of-president-abraham-lincoln-2026/,,,,,,,,,,We are safeguarding American workers from unfair foreign competition with strong tariffs,,,,,
https://www.whitehouse.gov/briefings-statements/2026/02/joint-statement-on-a-framework-for-united-states-north-macedonia-agreement-on-reciprocal-fair-and-balanced-trade/,,,,,,,,,,which will provide both countries’ exporters expanded access to each other’s markets.,,,,,
https://www.whitehouse.gov/fact-sheets/2026/02/fact-sheet-the-united-states-and-india-announce-historic-trade-deal/,President Trump agreed to remove the additional 25% tariff on imports from India in recognition of India’s commitment to stop purchasing Russian Federation oil.,,,,,,,,,a trade deal between the United States and India that will open up India’s market of over 1.4 billion people to American products.,,,,,
https://www.whitehouse.gov/briefings-statements/2026/02/joint-statement-on-framework-for-united-states-bangladesh-agreement-on-reciprocal-trade/,,,,,,,,,,have agreed to an Agreement on Reciprocal Trade (Agreement) to strengthen our bilateral economic relationship.,,,,,
https://www.whitehouse.gov/briefings-statements/2026/02/united-states-india-joint-statement/,,,,,,,,,,demonstrating a common commitment to reciprocal and balanced trade based on mutual interests and concrete outcomes.,,,,,
https://www.whitehouse.gov/fact-sheets/2026/02/fact-sheet-president-donald-j-trump-addresses-threats-to-the-united-states-by-the-government-of-iran/,,,,,,,,,,,,"after Iran refused to reach a deal with the United States, President Trump authorized Operation Midnight Hammer which obliterated Iran’s nuclear facilities",,,
https://www.whitehouse.gov/briefings-statements/2026/02/america-250-presidential-message-on-the-anniversary-of-our-victory-in-the-mexican-american-war/,,,,,"My Administration is halting the flow of deadly drugs entering our country through Mexico, ending the invasion of illegal aliens along our southern border",,,,,"I have secured historic trade deals with El Salvador, Argentina, Ecuador, and Guatemala, allowing greater and more streamlined market access.",,,,,
https://www.whitehouse.gov/fact-sheets/2026/01/fact-sheet-president-donald-j-trump-addresses-threats-to-the-united-states-by-the-government-of-cuba/,Cuba hosts Russia’s largest overseas signals intelligence facility focused on stealing sensitive national security information from the United States.,,,,,,,,,,"The regime persecutes and tortures political opponents, denies free speech and press",he has ordered strikes on Iran’s nuclear infrastructure and authorized operations to remove Venezuela’s Nicolas Maduro from power,,,
https://www.whitehouse.gov/briefings-statements/2026/01/presidential-message-on-national-sanctity-of-human-life-day-2026/,,,,,,,,,,,,,I was proud to enforce the Hyde Amendment and reinstate the Mexico City Policy — ending taxpayer-funded abortion at home and abroad.,,
https://www.whitehouse.gov/briefings-statements/2026/01/statement-on-president-trumps-comprehensive-plan-to-end-the-gaza-conflict/,,,,,,,,,"This milestone perfectly aligns with United Nations Security Council Resolution 2803 (2025), which endorsed President Trump’s Comprehensive Plan and welcomed the establishment of the Board of Peace.",,,,,,
https://www.whitehouse.gov/fact-sheets/2026/01/fact-sheet-president-donald-j-trump-directs-negotiations-to-adjust-imports-of-processed-critical-minerals-and-their-derivative-products-into-the-united-states/,,,,,,,,,,to address the threatened impairment of national security with respect to imports of processed critical minerals and their derivative products (PCMDPs) from any country.,,,,,
https://www.whitehouse.gov/fact-sheets/2026/01/fact-sheet-president-donald-j-trump-takes-action-on-certain-advanced-computing-chips-to-protect-americas-economic-and-national-security/,,,,,,,,,,"to address national security concerns with respect to imports of semiconductors, semiconductor manufacturing equipment, and their derivative products.",,,,,
https://www.whitehouse.gov/fact-sheets/2026/01/fact-sheet-president-donald-j-trump-safeguards-venezuelan-oil-revenue-for-the-good-of-the-american-and-venezuelan-people/,,,,,"Allowing attachment of these funds would directly jeopardize U.S. objectives, including stemming the influx of illegal aliens",,,,,,,"Last week, U.S. armed forces conducted an extraordinary military operation in support of law enforcement to bring outlaw dictator Maduro to justice.",,,
https://www.whitehouse.gov/fact-sheets/2026/01/fact-sheet-president-donald-j-trump-establishes-new-department-of-justice-division-for-national-fraud-enforcement/,,,,,"DHS has arrested over 1,000 criminal illegal aliens in just the past few weeks as immigration enforcement operations continue.",,,,,,,,,,
https://www.whitehouse.gov/fact-sheets/2026/01/fact-sheet-president-donald-j-trump-withdraws-the-united-states-from-international-organizations-that-are-contrary-to-the-interests-of-the-united-states/,,,,"Many of these bodies promote radical climate policies, global governance, and ideological programs that conflict with U.S. sovereignty and economic strength.",,These withdrawals will end American taxpayer funding and involvement in entities that advance globalist agendas over U.S. priorities,,,"cease participating in and funding 35 non-United Nations (UN) organizations and 31 UN entities that operate contrary to U.S. national interests, security, economic prosperity, or sovereignty.",,,,,,
https://www.whitehouse.gov/briefings-statements/2026/01/presidential-message-on-national-slavery-and-human-trafficking-prevention-month/,,,,,I immediately declared a national emergency at our southern border to stop the invasion of illegal immigrants,,,,,,,,,,
https://www.whitehouse.gov/fact-sheets/2025/12/fact-sheet-president-donald-j-trump-adjusts-imports-of-timber-lumber-and-their-derivative-products-into-the-united-states/,,,,,,,,,,"President Trump imposed reciprocal tariffs to take back America’s economic sovereignty, address nonreciprocal trade relationships that threaten our economic and national security",,,,,
https://www.whitehouse.gov/briefings-statements/2025/12/congressional-bill-h-r-504-vetoed/,,,,,those that are unaligned with my Administration’s policy of removing violent criminal illegal aliens from the country.,,,,,,,,,,
https://www.whitehouse.gov/briefings-statements/2025/12/statement-by-the-president-7598/,,,,,the Act provides key resources to ensure the continued security of the southern border from illegal immigration and transnational criminal organizations.,,,,,,,,,,
https://www.whitehouse.gov/fact-sheets/2025/12/fact-sheet-president-donald-j-trump-further-restricts-and-limits-the-entry-of-foreign-nationals-to-protect-the-security-of-the-united-states/,,,,,Some countries’ high visa-overstay rates and refusal to repatriate removable nationals demonstrate disregard for U.S. immigration laws and burden American enforcement resources.,,,,,,,,,,
https://www.whitehouse.gov/fact-sheets/2025/12/fact-sheet-president-donald-j-trump-designates-fentanyl-as-a-weapon-of-mass-destruction/,,,"President Trump imposed tariffs to deal with Mexico’s, Canada’s, and China’s failure to address the flow of poisonous fentanyl and other drugs into our country.",,,,,,,,,"President Trump authorized military strikes to stop lethal drugs, destroy narco-boats, and disrupt the narcoterrorists who are poisoning the American people.",,,
https://www.whitehouse.gov/fact-sheets/2025/12/fact-sheet-president-donald-j-trump-ensures-a-national-policy-framework-for-artificial-intelligence/,,,"If we don’t, then China will easily catch us in the AI race.",,,,,,,,,,,,
https://www.whitehouse.gov/briefings-statements/2025/12/presidential-message-on-the-eighth-anniversary-of-recognizing-jerusalem-as-the-capital-of-the-state-of-israel/,,,,,,,,,,,,,,"In recognizing Jerusalem as Israel’s capital and moving our embassy to that beautiful city, we acknowledged the rightful capital that stands at the heart of Israel’s traditions, government, and heritage",
https://www.whitehouse.gov/fact-sheets/2025/12/fact-sheet-president-donald-j-trump-announces-the-reset-of-corporate-average-fuel-economy-cafe-standards/,,,,the Environmental Protection Agency (EPA) has also released its proposal to rescind the 2009 Endangerment Finding,,,,,,,,,,,
https://www.whitehouse.gov/briefings-statements/2025/11/readout-of-peace-talks-in-geneva/,,this work is driven by President Trump’s goal of ending a war that has taken the lives of millions of people and preventing further loss of life through a durable and enforceable peace.,,,,,,,,,,,,,
https://www.whitehouse.gov/fact-sheets/2025/11/fact-sheet-president-donald-j-trump-begins-process-to-designate-certain-muslim-brotherhood-chapters-as-foreign-terrorist-organizations-and-specially-designated-global-terrorists/,,,,,,,,,,,,President Trump has repeatedly ordered lethal strikes against narcoterrorists to stop drugs from flooding into our country.,,the military wing of the Lebanese chapter of the Muslim Brotherhood helped terror groups launch multiple rocket attacks against both civilian and military targets within Israel.,
https://www.whitehouse.gov/briefings-statements/2025/11/joint-statement-on-united-states-ukraine-meeting/,,"The Ukrainian delegation reaffirmed its gratitude for the steadfast commitment of the United States and, personally, President Donald J. Trump for their tireless efforts aimed at ending the war and the loss of life.",,,,,,,,,,,,,
https://www.whitehouse.gov/fact-sheets/2025/11/fact-sheet-president-donald-j-trump-grants-regulatory-relief-from-burdensome-epa-restrictions-to-protect-americas-coke-production-and-steel-security/,,,,,,,,,,he imposed a 50% tariff on steel imports to counter national security threats from foreign overproduction,,,,,
https://www.whitehouse.gov/fact-sheets/2025/11/fact-sheet-president-donald-j-trump-solidifies-economic-and-defense-partnership-with-the-kingdom-of-saudi-arabia/,,,,,,,,,,"The United States and Saudi Arabia have agreed to intensify their engagement in the coming weeks on trade issues of mutual interest, including in areas related to reducing non-tariff barriers",,,,,
https://www.whitehouse.gov/briefings-statements/2025/11/presidential-message-on-american-education-week/,,,,,,,,,,,,,"We are rooting out the poisonous influence of gender ideology, Critical Race Theory, and the hollow dogmas of so-called diversity, equity, and inclusion",,
https://www.whitehouse.gov/fact-sheets/2025/11/joint-fact-sheet-on-president-donald-j-trumps-meeting-with-president-lee-jae-myung/,,,,,,,,,,"reaffirmed the historic announcement in July of The Korea Strategic Trade and Investment deal, which reflects the strength and endurance of the U.S.-ROK Alliance.",President Lee’s election demonstrating the ROK’s democratic strength and resilience,,,,
https://www.whitehouse.gov/fact-sheets/2025/11/fact-sheet-president-donald-j-trump-announces-historic-trade-deals-with-western-hemisphere-trading-partners/,,,,,,,,,,deepening bilateral trade and investment cooperation to provide American exporters with unprecedented access to markets in Central and South America.,,,,,
https://www.whitehouse.gov/briefings-statements/2025/11/joint-statement-on-a-framework-for-a-united-states-switzerland-liechtenstein-agreement-on-fair-balanced-and-reciprocal-trade/,,,,,,,,,,"The Participants share a desire to make trade fairer, easier, and more substantial.",,,,,
https://www.whitehouse.gov/fact-sheets/2025/11/fact-sheet-the-united-states-switzerland-and-liechtenstein-reach-a-historic-trade-deal/,,,,,,,,,,a historic trade deal with the Swiss Confederation (Switzerland) and the Principality of Liechtenstein (Liechtenstein) that will provide U.S. exporters unprecedented access to Swiss and Liechtenstein markets,,,,,
https://www.whitehouse.gov/fact-sheets/2025/11/fact-sheet-following-trade-deal-announcements-president-donald-j-trump-modifies-the-scope-of-the-reciprocal-tariffs-with-respect-to-certain-agricultural-products/,,,,,,,,,,"global reciprocal tariffs to address the national emergency posed by our large and persistent trade deficits, which are driven by the absence of reciprocity in our bilateral trade relationships",,,,,
https://www.whitehouse.gov/briefings-statements/2025/11/joint-statement-on-framework-for-united-states-guatemala-agreement-on-reciprocal-trade/,,,,,,,,,,a Framework for an Agreement on Reciprocal Trade (Agreement) that further strengthens and builds upon our long-standing economic relationship,,,,,
https://www.whitehouse.gov/briefings-statements/2025/11/joint-statement-on-framework-for-united-states-ecuador-agreement-on-reciprocal-trade/,,,,,,,,,,a Framework for an Agreement on Reciprocal Trade (Agreement) that will provide access to each other’s markets,"affirm a shared vision of growth for both of our countries, grounded in democratic values, private initiative, and a rules-based environment",,,,
https://www.whitehouse.gov/briefings-statements/2025/11/joint-statement-on-framework-for-united-states-el-salvador-agreement-on-reciprocal-trade/,,,,,,,,,,a Framework for an Agreement on Reciprocal Trade (Agreement) that further strengthens and builds upon our longstanding economic relationship,,,,,
https://www.whitehouse.gov/briefings-statements/2025/11/joint-statement-on-framework-for-a-united-states-argentina-agreement-on-reciprocal-trade-and-investment/,,,,,,,,,,The countries will open their markets to each other on key products.,"reaffirm the strategic alliance between the United States of America (United States, or U.S.) and the Argentine Republic (Argentina), grounded in shared democratic values",,,,
https://www.whitehouse.gov/briefings-statements/2025/11/presidential-message-on-national-entrepreneurship-month/,,,,,,,,,,strengthening protective tariffs to shield our industries from unfair foreign competition and dishonest practices that threaten our economic and national security.,,,,,
https://www.whitehouse.gov/fact-sheets/2025/11/fact-sheet-president-donald-j-trump-strikes-deal-on-economic-and-trade-relations-with-china/,,,President Donald J. Trump reached a trade and economic deal with President Xi Jinping of China—a massive victory that safeguards U.S. economic strength and national security,,,,,,,Open China’s market to U.S. soybeans and other agricultural exports.,,,,,
https://www.whitehouse.gov/fact-sheets/2025/10/28195/,,,,,,,,,,"In July, President Trump announced a landmark economic and trade agreement with Japan, in which Japan agreed to invest $550 billion into American industries",,,,,
https://www.whitehouse.gov/briefings-statements/2025/10/agreement-between-the-united-states-of-america-and-the-kingdom-of-cambodia-on-reciprocal-trade/,,,,,,,,,,Intending to enhance reciprocity in their bilateral trade relationship by addressing tariff and non-tariff barriers,,,,,
https://www.whitehouse.gov/briefings-statements/2025/10/agreement-between-the-united-states-of-america-and-malaysia-on-reciprocal-trade/,,,,,,,,,,INTENDING to enhance reciprocity in their bilateral trade relationship by addressing tariff and non-tariff barriers,,,,,
https://www.whitehouse.gov/briefings-statements/2025/10/joint-statement-on-united-states-vietnam-framework-for-an-agreement-on-reciprocal-fair-and-balanced-trade/,,,,,,,,,,which will provide both countries’ exporters unprecedented access to each other’s markets.,,,,,
https://www.whitehouse.gov/briefings-statements/2025/10/joint-statement-on-a-framework-for-a-united-states-thailand-agreement-on-reciprocal-trade/,,,,,,,,,,which will provide both countries’ exporters unprecedented access to each other’s markets.,,,,,
https://www.whitehouse.gov/briefings-statements/2025/10/joint-statement-on-united-states-cambodia-agreement-on-reciprocal-trade/,,,,,,,,,,which will provide both countries’ exporters unprecedented access to each other’s markets.,,,,,
https://www.whitehouse.gov/briefings-statements/2025/10/joint-statement-on-united-states-malaysia-agreement-on-reciprocal-trade/,,,,,,,,,,which will provide both countries’ exporters unprecedented access to each other’s markets.,,,,,
https://www.whitehouse.gov/fact-sheets/2025/10/fact-sheet-president-donald-j-trump-secures-peace-and-prosperity-in-malaysia/,,,,,,,,,,The United States and Malaysia agreed to a historic trade deal that will open up Malaysia’s market for U.S. exports,,,,,
https://www.whitehouse.gov/fact-sheets/2025/10/fact-sheet-president-donald-j-trump-grants-regulatory-relief-from-burdensome-epa-restrictions-to-promote-american-copper-security/,,,,,,,,,,he imposed a universal 50% tariff on copper imports to counter national security threats from foreign overproduction,,,,,
https://www.whitehouse.gov/fact-sheets/2025/10/fact-sheet-president-donald-j-trump-addresses-the-threat-to-national-security-from-imports-of-medium-and-heavy-duty-vehicles-parts-and-buses/,,,,,,,,,,"to impose tariffs on imports of medium- and heavy-duty vehicles and parts, and buses, to bolster American industry and protect national security.",,,,,
https://www.whitehouse.gov/briefings-statements/2025/10/presidential-message-on-national-youth-substance-abuse-prevention-month/,,,,,We are removing dangerous illegal immigrants who have brought bloodshed and mayhem onto our streets,,,,,,,,,,
https://www.whitehouse.gov/briefings-statements/2025/10/presidential-message-on-german-american-day-2025/,,,,,,,my Administration has led the way in getting our European allies to dramatically increase defense contributions to NATO—advancing American interests and ensuring that our security partners uphold their commitments.,,,,,,,,
https://www.whitehouse.gov/fact-sheets/2025/09/fact-sheet-president-donald-j-trump-addresses-the-threat-to-national-security-from-imports-of-timber-lumber-and-their-derivative-products-e810/,,,,,,,,"The United Kingdom, the European Union, and Japan will enjoy more favorable treatment that reflects the terms of their trade deals with the United States.",,"President Trump is countering foreign subsidies and predatory practices that distort markets, making imported lumber less competitive",,,,,
https://www.whitehouse.gov/fact-sheets/2025/09/fact-sheet-president-donald-j-trump-saves-tiktok-while-protecting-national-security/,,,"President Trump’s pressure led Panama to exit China’s Belt and Road Initiative, a debt-trap diplomacy scheme the Chinese Communist Party uses to gain influence over developing nations.",,,,,,,President Trump’s bold trade strategy has yielded historic agreements with major trading partners,,,,,
https://www.whitehouse.gov/briefings-statements/2025/09/presidential-message-on-national-gang-violence-prevention-week/,,,,,"Under the previous administration, gangs and cartels were unleashed into our country through a wide-open southern border",,,,,,,,,,
https://www.whitehouse.gov/fact-sheets/2025/09/fact-sheet-president-donald-j-trump-launches-the-gold-card-program/,,,,,"The Gold Card prioritizes entry for high-value contributors to American society, including successful entrepreneurs, investors, and businessmen.",,,"massive deals for the United States, such as Japan’s $550 billion investment commitment and the European Union’s $600 billion investment commitment to the United States.",,,,,,,
https://www.whitehouse.gov/fact-sheets/2025/09/fact-sheet-president-donald-j-trump-suspends-the-entry-of-certain-alien-nonimmigrant-workers/,,,,,"requiring a $100,000 payment to accompany or supplement H-1B petitions for new applications to curb abuses that displace U.S. workers and undermine national security.",,,,,,,,,,
https://www.whitehouse.gov/fact-sheets/2025/09/fact-sheet-the-u-s-uk-special-relationship/,the United Kingdom will match U.S commitments to achieving full independence from Russian nuclear fuel by the end of 2028.,,,,,,,,,,,,,,
https://www.whitehouse.gov/fact-sheets/2025/09/fact-sheet-president-donald-j-trump-restores-law-and-order-in-memphis/,,,,,President Trump launched the largest deportation operation in our nation’s history to remove criminal illegal aliens who threaten public safety and national security.,,,,,,,,,,
https://www.whitehouse.gov/fact-sheets/2025/09/fact-sheet-president-donald-j-trump-implements-a-historic-u-s-japan-framework-agreement/,,,,,,,,"In a massive deal with the European Union, the EU has agreed to purchase $750 billion in U.S. energy and make new investments of $600 billion in the United States",,"President Trump’s bold trade strategy has yielded historic agreements with major trading partners, unlocking unprecedented investments in the United States and expanding market access for American goods.",,,,,
https://www.whitehouse.gov/fact-sheets/2025/09/fact-sheet-president-donald-j-trump-strengthens-efforts-to-protect-u-s-nationals-from-wrongful-detention-abroad/,Marc Fogel—an American teacher who was wrongfully detained in a Russian prison for years—returned home in February,,,,,,,,,,,,,,
