ссылка,страна,дата,кто у власти?,категория документов,язык,институция,директивность,Отношение к России,Отношение к украинскому кризису,Отношение к Китаю,Позиция об изменении климата,Позиция о миграции,Отношение к глобализации,Отношение к НАТО,Отношение к ЕС,Отношение к ООН и дочерним организациям,Отношение к международной торговле,Позиция о демократиях в мире,Отношение к военным интервенциям,"Отношение к продвижению либеральной повестки (аборты, экстремисты-ЛГБТ, легализация наркотиков)",Отношение к Израилю,Отношение к многополярному мировому порядку,примечания (п.13 и прочее)
https://www.whitehouse.gov/fact-sheets/2026/09/fact-sheet-president-donald-j-trump-advances-a-fair-and-reciprocal-relationship-with-china-while-hosting-historic-state-visit/,Соединённые Штаты Америки,26 сентября 2026,Республиканская партия (администрация Д. Трампа),позиция правительства,английский,Белый дом (Д. Трамп),0,,,1,,,,,,,1,,,,,,
https://www.whitehouse.gov/briefings-statements/2026/09/president-trump-takes-historic-action-to-eliminate-wasteful-and-harmful-spending/,Соединённые Штаты Америки,25 сентября 2026,Республиканская партия (администрация Д. Трампа),пресс-релиз,английский,Белый дом,0,,,,,-2,,,,,,,,,,,
https://www.whitehouse.gov/briefings-statements/2026/09/agreement-between-the-government-of-the-united-states-of-america-and-the-government-of-the-kingdom-of-denmark-together-with-the-government-of-greenland-to-amend-and-supplement-the-agreement-of-27-apri/,Соединённые Штаты Америки,22 сентября 2026,Республиканская партия (администрация Д. Трампа),другое,английский,Правительство США (соглашение с Данией и Гренландией),1,,,,,,,2,,,,,,,,,
https://www.whitehouse.gov/fact-sheets/2026/09/fact-sheet-president-donald-j-trump-further-enhances-program-integrity-and-interagency-coordination-in-the-h-1b-visa-program/,Соединённые Штаты Америки,18 сентября 2026,Республиканская партия (администрация Д. Трампа),позиция правительства,английский,Белый дом (Д. Трамп),0,,,,,-2,,,,,,,,,,,
https://www.whitehouse.gov/fact-sheets/2026/09/fact-sheet-president-donald-j-trump-restores-reciprocity-in-government-procurement/,Соединённые Штаты Америки,16 сентября 2026,Республиканская партия (администрация Д. Трампа),позиция правительства,английский,Белый дом (Д. Трамп),0,,,,,,,,,,-1,,,,,,
https://www.whitehouse.gov/fact-sheets/2026/09/fact-sheet-president-donald-j-trump-responds-to-canadas-retaliation/,Соединённые Штаты Америки,9 сентября 2026,Республиканская партия (администрация Д. Трампа),позиция правительства,английский,Белый дом (Д. Трамп),0,,,,,,,,,,-1,,,,,,
https://www.whitehouse.gov/fact-sheets/2026/09/fact-sheet-president-donald-j-trump-supports-americas-ranchers/,Соединённые Штаты Америки,4 сентября 2026,Республиканская партия (администрация Д. Трампа),позиция правительства,английский,Белый дом (Д. Трамп),0,,,,0,,,,,,1,,,,,,"климат: изменение климата угрозой не считается, критикуется климатическая политика"
https://www.whitehouse.gov/fact-sheets/2026/09/fact-sheet-president-donald-j-trump-promotes-fair-competition-in-livestock-markets-and-expands-market-access-for-american-meat-producers/,Соединённые Штаты Америки,4 сентября 2026,Республиканская партия (администрация Д. Трампа),позиция правительства,английский,Белый дом (Д. Трамп),0,,,,0,,,,,,,,,,,,"климат: изменение климата угрозой не считается, критикуется климатическая политика"
https://www.whitehouse.gov/fact-sheets/2026/08/fact-sheet-president-donald-j-trump-announces-historic-oil-agreement-to-secure-american-energy-dominance-and-drive-venezuelas-economic-recovery/,Соединённые Штаты Америки,31 августа 2026,Республиканская партия (администрация Д. Трампа),позиция правительства,английский,Белый дом (Д. Трамп),0,,,,,,,,,,,2,2,,,,
https://www.whitehouse.gov/fact-sheets/2026/08/fact-sheet-president-donald-j-trump-further-ensures-affordable-beef-for-the-american-consumer/,Соединённые Штаты Америки,26 августа 2026,Республиканская партия (администрация Д. Трампа),позиция правительства,английский,Белый дом (Д. Трамп),0,,,,0,,,,,,,,,,,,"климат: изменение климата угрозой не считается, критикуется климатическая политика"
https://www.whitehouse.gov/fact-sheets/2026/08/fact-sheet-president-donald-j-trump-declares-a-national-emergency-to-secure-americas-bulk-power-system/,Соединённые Штаты Америки,26 августа 2026,Республиканская партия (администрация Д. Трампа),позиция правительства,английский,Белый дом (Д. Трамп),0,,,,,,-1,,,,-1,,,,,,
https://www.whitehouse.gov/briefings-statements/2026/08/presidential-message-on-overdose-and-drug-poisoning-awareness-week/,Соединённые Штаты Америки,25 августа 2026,Республиканская партия (администрация Д. Трампа),позиция правительства,английский,Президент США (Д. Трамп),0,,,,,,,,,,,,2,,,,
https://www.whitehouse.gov/fact-sheets/2026/08/fact-sheet-president-donald-j-trump-bolsters-national-security-and-strengthens-u-s-supply-chains-by-imposing-tariffs-on-drones-and-their-parts-and-components/,Соединённые Штаты Америки,13 августа 2026,Республиканская партия (администрация Д. Трампа),позиция правительства,английский,Белый дом (Д. Трамп),0,,,,,,-1,,,,-1,,,,,,
https://www.whitehouse.gov/fact-sheets/2026/08/fact-sheet-president-donald-j-trump-ends-birth-tourism-and-protects-the-meaning-and-value-of-american-citizenship/,Соединённые Штаты Америки,6 августа 2026,Республиканская партия (администрация Д. Трампа),позиция правительства,английский,Белый дом (Д. Трамп),0,,,,,-2,,,,,,,,,,,
https://www.whitehouse.gov/fact-sheets/2026/08/fact-sheet-president-donald-j-trump-bolsters-national-security-and-strengthens-u-s-supply-chains-by-imposing-tariffs-on-polysilicon-and-its-derivatives/,Соединённые Штаты Америки,6 августа 2026,Республиканская партия (администрация Д. Трампа),позиция правительства,английский,Белый дом (Д. Трамп),0,,,,,,-1,,,,-1,,,,,,
https://www.whitehouse.gov/briefings-statements/2026/08/presidential-message-on-the-birthday-of-the-united-states-coast-guard/,Соединённые Штаты Америки,5 августа 2026,Республиканская партия (администрация Д. Трампа),позиция правительства,английский,Президент США (Д. Трамп),0,,,,,-2,,,,,,,,,,,
https://www.whitehouse.gov/briefings-statements/2026/07/agreement-between-the-united-states-of-america-and-the-hashemite-kingdom-of-jordan-on-reciprocal-trade/,Соединённые Штаты Америки,21 июля 2026,Республиканская партия (администрация Д. Трампа),другое,английский,Правительство США (соглашение с Иорданией о взаимной торговле),1,,,,,,,,,,1,,,,,,
https://www.whitehouse.gov/fact-sheets/2026/07/fact-sheet-president-donald-j-trump-announces-trade-deal-with-jordan/,Соединённые Штаты Америки,21 июля 2026,Республиканская партия (администрация Д. Трампа),позиция правительства,английский,Белый дом (Д. Трамп),0,,,,,,,,,,1,,,,,,
https://www.whitehouse.gov/fact-sheets/2026/07/fact-sheet-president-donald-j-trump-takes-further-action-to-adjust-imports-of-aluminum-into-the-united-states/,Соединённые Штаты Америки,20 июля 2026,Республиканская партия (администрация Д. Трампа),позиция правительства,английский,Белый дом (Д. Трамп),0,,,,,,-1,,,,-1,,,,,,
https://www.whitehouse.gov/fact-sheets/2026/07/fact-sheet-president-donald-j-trump-imposes-additional-tariffs-on-canada/,Соединённые Штаты Америки,20 июля 2026,Республиканская партия (администрация Д. Трампа),позиция правительства,английский,Белый дом (Д. Трамп),0,,,-1,,,,,,,-1,,,,,,
https://www.whitehouse.gov/briefings-statements/2026/07/presidential-message-on-the-birthday-of-saint-frances-xavier-cabrini/,Соединённые Штаты Америки,15 июля 2026,Республиканская партия (администрация Д. Трампа),позиция правительства,английский,Президент США (Д. Трамп),0,,,,,1,,,,,,,,,,,
https://www.whitehouse.gov/releases/2026/07/president-trumps-relentless-strategy-is-dismantling-fentanyl-networks-and-saving-lives/,Соединённые Штаты Америки,13 июля 2026,Республиканская партия (администрация Д. Трампа),пресс-релиз,английский,Белый дом,0,,,-1,,,,,,,,,2,,,,
https://www.whitehouse.gov/fact-sheets/2026/07/fact-sheet-president-donald-j-trump-secures-historic-defense-investment-from-nato-allies-powering-american-industry/,Соединённые Штаты Америки,9 июля 2026,Республиканская партия (администрация Д. Трампа),позиция правительства,английский,Белый дом (Д. Трамп),0,,,,,,,2,,,,,,,,,
https://www.whitehouse.gov/fact-sheets/2026/07/fact-sheet-president-donald-j-trump-adjusts-imports-of-commercial-aircraft-jet-engines-and-aircraft-and-engine-parts-into-the-united-states/,Соединённые Штаты Америки,9 июля 2026,Республиканская партия (администрация Д. Трампа),позиция правительства,английский,Белый дом (Д. Трамп),0,,,,,,-1,,,,-1,,,,,,
https://www.whitehouse.gov/fact-sheets/2026/06/fact-sheet-president-donald-j-trump-declares-an-emergency-and-authorizes-the-temporary-suspension-of-certain-duties-on-phosphate-fertilizer-from-morocco/,Соединённые Штаты Америки,29 июня 2026,Республиканская партия (администрация Д. Трампа),позиция правительства,английский,Белый дом (Д. Трамп),0,,,,,,,,,,1,,,,,,
https://www.whitehouse.gov/briefings-statements/2026/06/presidential-message-on-fathers-day/,Соединённые Штаты Америки,21 июня 2026,Республиканская партия (администрация Д. Трампа),позиция правительства,английский,Президент США (Д. Трамп),0,,,,,-2,,,,,,,,,,,
https://www.whitehouse.gov/fact-sheets/2026/06/fact-sheet-president-donald-j-trump-strengthens-customs-enforcement/,Соединённые Штаты Америки,3 июня 2026,Республиканская партия (администрация Д. Трампа),позиция правительства,английский,Белый дом (Д. Трамп),0,,,,,,,,,,-1,,,,,,
https://www.whitehouse.gov/fact-sheets/2026/06/fact-sheet-president-donald-j-trump-updates-tariffs-on-steel-aluminum-and-copper-imports/,Соединённые Штаты Америки,2 июня 2026,Республиканская партия (администрация Д. Трампа),позиция правительства,английский,Белый дом (Д. Трамп),0,,,,,,-1,,,,-1,,,,,,
https://www.whitehouse.gov/briefings-statements/2026/05/presidential-message-on-national-missing-childrens-day/,Соединённые Штаты Америки,26 мая 2026,Республиканская партия (администрация Д. Трампа),позиция правительства,английский,Президент США (Д. Трамп),0,,,,,-2,,,,,,,,,,,
https://www.whitehouse.gov/fact-sheets/2026/05/fact-sheet-president-donald-j-trump-restores-integrity-to-americas-financial-system/,Соединённые Штаты Америки,19 мая 2026,Республиканская партия (администрация Д. Трампа),позиция правительства,английский,Белый дом (Д. Трамп),0,,,,,-2,,,,,,,,,,,
https://www.whitehouse.gov/briefings-statements/2026/05/presidential-message-on-world-trade-week/,Соединённые Штаты Америки,19 мая 2026,Республиканская партия (администрация Д. Трампа),позиция правительства,английский,Президент США (Д. Трамп),0,,,,,,-1,,,,-1,,,,,,
https://www.whitehouse.gov/fact-sheets/2026/05/fact-sheet-president-donald-j-trump-secures-historic-deals-with-china-delivering-for-american-workers-farmers-and-industry/,Соединённые Штаты Америки,17 мая 2026,Республиканская партия (администрация Д. Трампа),позиция правительства,английский,Белый дом (Д. Трамп),0,,,1,,,,,,,1,,,,,,
https://www.whitehouse.gov/briefings-statements/2026/05/presidential-message-on-mothers-day/,Соединённые Штаты Америки,10 мая 2026,Республиканская партия (администрация Д. Трампа),позиция правительства,английский,Президент США (Д. Трамп),0,,,,,-2,,,,,,,,,,,
https://www.whitehouse.gov/fact-sheets/2026/05/2026-national-drug-control-strategy-fact-sheet/,Соединённые Штаты Америки,4 мая 2026,Республиканская партия (администрация Д. Трампа),стратегический документ,английский,"Белый дом (ONDCP, Сара Картер)",1,,,,,,,,,,,,2,-2,,,-2 (наркотики): цель — «жизнь без наркотиков» как норма
https://www.whitehouse.gov/briefings-statements/2026/05/presidential-message-on-asian-american-and-pacific-islander-heritage-month/,Соединённые Штаты Америки,3 мая 2026,Республиканская партия (администрация Д. Трампа),позиция правительства,английский,Президент США (Д. Трамп),0,,,,,,,,,,1,,,,,,
https://www.whitehouse.gov/fact-sheets/2026/05/fact-sheet-president-donald-j-trump-imposes-sanctions-on-cuban-regime-officials-responsible-for-repression-and-threats-to-u-s-national-security-and-foreign-policy/,Соединённые Штаты Америки,1 мая 2026,Республиканская партия (администрация Д. Трампа),позиция правительства,английский,Белый дом (Д. Трамп),0,,,,,-1,,,,,,1,2,,,,
https://www.whitehouse.gov/briefings-statements/2026/04/presidential-message-on-national-apprenticeship-week/,Соединённые Штаты Америки,27 апреля 2026,Республиканская партия (администрация Д. Трампа),позиция правительства,английский,Президент США (Д. Трамп),0,,,,,-1,,,,,-1,,,,,,
https://www.whitehouse.gov/briefings-statements/2026/04/presidential-message-on-national-crime-victims-week/,Соединённые Штаты Америки,20 апреля 2026,Республиканская партия (администрация Д. Трампа),позиция правительства,английский,Президент США (Д. Трамп),0,,,,,-2,,,,,,,,,,,
https://www.whitehouse.gov/fact-sheets/2026/04/advancing-the-united-states-hungary-bilateral-partnership/,Соединённые Штаты Америки,9 апреля 2026,Республиканская партия (администрация Д. Трампа),позиция правительства,английский,Белый дом,0,,,,,,,2,,,,,,,,,
https://www.whitehouse.gov/briefings-statements/2026/04/presidential-message-on-national-sexual-assault-awareness-month/,Соединённые Штаты Америки,7 апреля 2026,Республиканская партия (администрация Д. Трампа),позиция правительства,английский,Президент США (Д. Трамп),0,,,,,-2,,,,,,,,,,,
https://www.whitehouse.gov/briefings-statements/2026/04/presidential-message-on-national-child-abuse-prevention-month/,Соединённые Штаты Америки,7 апреля 2026,Республиканская партия (администрация Д. Трампа),позиция правительства,английский,Президент США (Д. Трамп),0,,,,,-1,,,,,,,,,,,
