idx,url,date,title
0,https://www.war.gov/news/releases/release/article/4593737/united-states-department-of-war-and-mongolias-ministry-of-defense-conduct-bilat,2026-09-08,United States Department of War and Mongolia's Ministry of Defense Conduct Bilateral Defense Framework
1,https://www.war.gov/news/speeches/speech/article/4592668/remarks-by-under-secretary-of-war-for-policy-elbridge-colby-at-the-ukraine-defe,2026-09-08,Remarks by Under Secretary of War for Policy Elbridge Colby at the Ukraine Defense Contact Group (As Delivered via Video Teleconference)
2,https://www.war.gov/news/releases/release/article/4511554/secretary-of-war-general-officer-announcements-for-june-8-2026,2026-06-08,"Secretary of War General Officer Announcements for June 8, 2026"
3,https://www.war.gov/news/releases/release/article/4510706/readout-of-secretary-of-war-pete-hegseths-meeting-with-french-minister-of-the-a,2026-06-06,Readout of Secretary of War Pete Hegseth's Meeting With French Minister of the Armed Forces Catherine Vautrin
4,https://www.war.gov/news/releases/release/article/4504792/readout-of-secretary-of-war-pete-hegseths-meeting-with-philippine-secretary-of,2026-05-30,"Readout of Secretary of War Pete Hegseth's Meeting With Philippine Secretary of National Defense Gilberto Teodoro, Jr."
5,https://www.war.gov/news/speeches/speech/article/4504755/remarks-by-secretary-of-war-pete-hegseth-at-the-2026-shangri-la-dialogue-in-sin,2026-05-30,Remarks by Secretary of War Pete Hegseth at the 2026 Shangri-La Dialogue in Singapore (As Delivered)
6,https://www.war.gov/news/releases/release/article/4504634/readout-of-under-secretary-of-war-for-policy-elbridge-colbys-meeting-with-israe,2026-05-29,Readout of Under Secretary of War for Policy Elbridge Colby's Meeting With Israeli and Lebanese Military Delegations
7,https://www.war.gov/news/releases/release/article/4504769/joint-statement-aukus-defense-ministers-meeting,2026-05-30,"Joint Statement, AUKUS Defense Ministers' Meeting"
8,https://www.war.gov/news/releases/release/article/2977447/readout-of-secretary-of-defense-lloyd-austins-call-with-ukraines-minister-of-de/source/readout-of-secretary-of-defense-lloyd-austins-call-with-ukraines-minister-of-de,2022-03-24,Readout of Secretary of Defense Lloyd Austin's Call With Ukraine's Minister of Defence Oleksii Reznikov
9,https://www.war.gov/news/releases/release/article/2106563/airbase-defense-falls-between-the-cracks,2020-04-01,Airbase Defense Falls Between the Cracks
10,https://www.war.gov/news/releases/release/article/3057517/fact-sheet-on-wmd-threat-reduction-efforts-with-ukraine-russia-and-other-former/%5c,2022-06-09,"Fact Sheet on WMD Threat Reduction Efforts with Ukraine, Russia and Other Former Soviet Union Countries"
11,https://www.war.gov/news/releases/release/article/3087750/400-million-in-additional-security-assistance-for-ukraine/%5c,2022-07-08,$400 Million in Additional Security Assistance for Ukraine
12,https://www.war.gov/news/releases/release/article/3179323/625-million-in-additional-security-assistance-for-ukraine/%5c,2022-10-04,$625 Million in Additional Security Assistance for Ukraine
13,https://www.war.gov/news/releases/release/article/3210297/400-million-in-additional-security-assistance-for-ukraine/%5c,2022-11-04,$400 Million in Additional Security Assistance for Ukraine
14,https://www.war.gov/news/releases/release/article/3216287/400-million-in-additional-assistance-for-ukraine/%5c,2022-11-10,$400 Million in Additional Assistance for Ukraine
15,https://www.war.gov/news/releases/release/article/3383288/biden-administration-announces-additional-security-assistance-for-ukraine/%5c,2023-05-03,Biden Administration Announces Additional Security Assistance for Ukraine
16,https://www.war.gov/news/releases/release/article/3388890/biden-administration-announces-additional-security-assistance-for-ukraine/%5c,2023-05-09,Biden Administration Announces Additional Security Assistance for Ukraine
17,https://www.war.gov/news/releases/release/article/3470064/biden-administration-announces-additional-security-assistance-for-ukraine/%5c,2023-07-25,Biden Administration Announces Additional Security Assistance for Ukraine
18,https://www.war.gov/news/releases/release/article/3516840/biden-administration-announces-additional-security-assistance-for-ukraine/%5c,2023-09-06,Biden Administration Announces Additional Security Assistance for Ukraine
19,https://www.war.gov/news/releases/release/article/3787579/biden-administration-announces-new-security-assistance-for-ukraine/%5c,2024-05-24,Biden Administration Announces New Security Assistance for Ukraine
20,https://www.war.gov/news/releases/release/article/3818005/readout-of-secretary-of-defense-lloyd-j-austin-iiis-call-with-philippine-secret/%5c,2024-06-26,Readout of Secretary of Defense Lloyd J. Austin III's Call With Philippine Secretary of National Defense Gilberto Teodoro Jr.
21,https://www.war.gov/news/releases/release/article/3451570/biden-administration-announces-additional-security-assistance-for-ukraine/%5c,2023-07-07,Biden Administration Announces Additional Security Assistance for Ukraine
22,https://www.war.gov/news/releases/release/article/3507156/deputy-secretary-of-defense-kathleen-hicks-keynote-address-the-urgency-to-innov,2023-08-28,Deputy Secretary of Defense Kathleen Hicks Keynote Address: 'The Urgency to Innovate' (As Delivered)
23,https://www.war.gov/news/releases/release/article/2585399/assessing-russian-cyber-effects,2021-05-03,Assessing Russian Cyber Effects
24,https://www.war.gov/news/releases/release/article/4330087/readout-of-the-us-israel-defense-policy-advisory-group,2025-09-28,Readout of the U.S.-Israel Defense Policy Advisory Group
25,https://www.war.gov/news/releases/release/article/4350469/joint-readout-of-the-meeting-of-defense-ministers-from-australia-japan-the-phil,2025-11-02,"Joint Readout of the Meeting of Defense Ministers From Australia, Japan, the Philippines, and the United States"
26,https://www.war.gov/news/releases/release/article/2996192/dod-launches-step-forward-campaign-during-national-sexual-assault-awareness-and/source/dod-launches-step-forward-campaign-during-national-sexual-assault-awareness-and,2022-04-11,DOD Launches STEP FORWARD Campaign During National Sexual Assault Awareness and Prevention Month
27,https://www.war.gov/news/speeches/speech/article/4164715/remarks-by-secretary-of-defense-pete-hegseth-at-the-army-war-college-as-deliver/%5c,2025-04-23,Remarks by Secretary of Defense Pete Hegseth at the Army War College (As Delivered)
28,https://www.war.gov/news/speeches/speech/article/3059852/remarks-at-the-shangri-la-dialogue-by-secretary-of-defense-lloyd-j-austin-iii-a/%5c,2022-06-11,Remarks at the Shangri-La Dialogue by Secretary of Defense Lloyd J. Austin III (As Delivered)
29,https://www.war.gov/news/speeches/speech/article/4359074/remarks-by-secretary-of-war-pete-hegseth-on-the-arsenal-of-freedom-as-delivered,2025-11-07,Remarks by Secretary of War Pete Hegseth on the Arsenal of Freedom (As Delivered)
30,https://www.war.gov/news/releases/release/article/4373247/the-war-department-strengthens-measures-to-protect-dowfunded-research,2026-01-08,The War Department Strengthens Measures to Protect DOW‑Funded Research
31,https://www.war.gov/news/releases/release/article/3852919/secretary-antony-j-blinken-secretary-of-defense-lloyd-j-austin-iii-japanese-for,2024-07-28,"Secretary Antony J. Blinken, Secretary of Defense Lloyd J. Austin III, Japanese Foreign Minister Kamikawa Yoko and Japanese Defense Minister Kihara Minoru At a Joint Press Availability"
32,https://www.war.gov/news/speeches/speech/article/3010300/secretary-austins-opening-remarks-at-the-ukraine-defense-consultative-group-ram/%5c,2022-04-26,"Secretary Austin's Opening Remarks at the Ukraine Defense Consultative Group, Ramstein Air Base, Germany (As Prepared)"
33,https://www.war.gov/news/releases/release/article/3006230/statement-on-800-million-in-additional-security-assistance-for-ukraine/source/statement-on-800-million-in-additional-security-assistance-for-ukraine,2022-04-21,Statement on $800 Million in Additional Security Assistance for Ukraine
34,https://www.war.gov/news/releases/release/article/2998460/dod-to-build-project-pele-mobile-microreactor-and-perform-demonstration-at-idah/source/dod-to-build-project-pele-mobile-microreactor-and-perform-demonstration-at-idah,2022-04-13,DoD to Build Project Pele Mobile Microreactor and Perform Demonstration at Idaho National Laboratory
35,https://www.war.gov/news/releases/release/article/3098291/dod-announces-women-peace-and-security-2022-report/source/dod-announces-women-peace-and-security-2022-report,2022-07-19,"DoD Announces Women, Peace, and Security 2022 Report"
36,https://www.war.gov/news/releases/release/article/4023145/dod-releases-list-of-chinese-military-companies-in-accordance-with-section-1260/%5c%5c%5c,2025-01-07,DOD Releases List of Chinese Military Companies in Accordance with Section 1260H of the National Defense Authorization Act for Fiscal Year 2021
37,https://www.war.gov/news/releases/release/article/4341281/readout-of-assistant-secretary-of-war-for-international-security-affairs-daniel,2025-11-24,"Readout of Assistant Secretary of War for International Security Affairs Daniel Zimmerman's High Level Defense Group Meeting With Polish Secretary of State, Ministry of National Defense, Pawel Zalewski"
38,https://www.war.gov/news/releases/release/article/3138105/nearly-3-billion-in-additional-security-assistance-for-ukraine/force_isolation/nearly-3-billion-in-additional-security-assistance-for-ukraine,2022-08-24,Nearly $3 Billion in Additional Security Assistance for Ukraine
39,https://www.war.gov/news/releases/release/article/4333480/general-and-flag-officers-announcement,2025-11-17,General and Flag Officers Announcement
40,https://www.war.gov/news/releases/release/article/2980584/dod-transmits-2022-national-defense-strategy/source/dod-transmits-2022-national-defense-strategy,2022-03-28,DoD Transmits 2022 National Defense Strategy
41,https://www.war.gov/news/releases/release/article/2964521/flag-officer-assignments/source/flag-officer-assignments,2022-03-11,Flag Officer Assignments
42,https://www.war.gov/news/releases/release/article/3102984/270-million-in-additional-security-assistance-for-ukraine/source/270-million-in-additional-security-assistance-for-ukraine,2022-07-22,$270 Million in Additional Security Assistance for Ukraine
43,https://www.war.gov/news/releases/release/article/352319/altus-airmen-help-kicks-butts-in-altus,2014-07-16,"Altus Airmen help ""Kicks Butts"" in Altus"
44,https://www.war.gov/news/releases/release/article/4330204/department-of-war-establishes-cybercom-20-revised-cyber-force-generation-model,2025-11-06,Department of War Establishes CYBERCOM 2.0 - Revised Cyber Force Generation Model
45,https://www.war.gov/news/releases/release/article/2999113/800-million-in-additional-security-assistance-for-ukraine/source/800-million-in-additional-security-assistance-for-ukraine,2022-04-13,$800 Million in Additional Security Assistance for Ukraine
46,https://www.war.gov/news/releases/release/article/3180636/dod-releases-list-of-peoples-republic-of-china-prc-military-companies-in-accord/utm_source/substack/utm_medium/dod-releases-list-of-peoples-republic-of-china-prc-military-companies-in-accord,2022-10-05,DOD Releases List of People's Republic of China (PRC) Military Companies in Accordance With Section 1260H of the National Defense Authorization Act for Fiscal Year 2021
47,https://www.war.gov/news/releases/release/article/3246268/department-of-defense-releases-annual-demographics-report-upward-trend-in-numbe/%5c,2022-12-14,Department of Defense Releases Annual Demographics Report — Upward Trend in Number of Women Serving Continues
48,https://www.war.gov/news/releases/release/article/2987119/defense-department-announces-300-million-in-additional-assistance-for-ukraine/source/defense-department-announces-300-million-in-additional-assistance-for-ukraine,2022-04-01,Defense Department Announces $300 Million in Additional Assistance for Ukraine
49,https://www.war.gov/news/speeches/speech/article/684118/remarks-on-securing-the-oceans-the-internet-and-space-protecting-the-domains-th/%5c,2016-03-01,"Remarks on “Securing the Oceans, the Internet, and Space: Protecting the Domains that Drive Prosperity” (The Commonwealth Club of California)"
50,https://www.war.gov/news/releases/release/article/3359459/fact-sheet-us-philippines-22-ministerial-dialogue/%5c,2023-04-11,FACT SHEET: U.S.- Philippines 2+2 Ministerial Dialogue
51,https://www.war.gov/news/speeches/speech/article/4064113/opening-remarks-by-secretary-of-defense-pete-hegseth-at-ukraine-defense-contact/%5c%5c%5c,2025-02-12,Opening Remarks by Secretary of Defense Pete Hegseth at Ukraine Defense Contact Group (As Delivered)
52,https://www.war.gov/news/releases/release/article/3703410/department-of-defense-releases-the-presidents-fiscal-year-2025-defense-budget/%5c,2024-03-11,Department of Defense Releases the President's Fiscal Year 2025 Defense Budget
53,https://www.war.gov/news/speeches/speech/article/605594/submitted-statement-house-armed-services-committee-overseas-contingency-operati,2014-07-16,Submitted Statement -- House Armed Services Committee (Overseas Contingency Operations Budget Request)
54,https://www.war.gov/news/speeches/speech/article/605595/opening-summary-house-armed-services-committee-overseas-contingency-operations,2014-07-16,Opening Summary -- House Armed Services Committee (Overseas Contingency Operations Budget Request)
55,https://www.war.gov/news/speeches/speech/article/605597/welcoming-ceremony-for-senior-dod-leaders,2014-08-04,Welcoming Ceremony for Senior DoD Leaders
56,https://www.war.gov/news/speeches/speech/article/605598/national-defense-university-convocation,2014-08-05,National Defense University Convocation
57,https://www.war.gov/news/speeches/speech/article/605599/observer-research-foundation-new-delhi,2014-08-09,Observer Research Foundation (New Delhi)
58,https://www.war.gov/news/speeches/speech/article/605600/us-special-operations-command-change-of-command,2014-08-28,U.S. Special Operations Command Change of Command
59,https://www.war.gov/news/speeches/speech/article/605602/defense-innovation-days-opening-keynote-southeastern-new-england-defense-indust,2014-09-03,"""Defense Innovation Days"" Opening Keynote (Southeastern New England Defense Industry Alliance)"
60,https://www.war.gov/news/speeches/speech/article/605606/farewell-parade-for-senator-carl-levin-and-congressman-buck-mckeon,2014-09-12,Farewell Parade for Senator Carl Levin and Congressman Buck McKeon
61,https://www.war.gov/news/speeches/speech/article/605607/statement-on-iraq-syria-and-isil-before-the-senate-armed-services-committee,2014-09-16,"Statement on Iraq, Syria, and ISIL Before the Senate Armed Services Committee"
62,https://www.war.gov/news/speeches/speech/article/605609/afa-2014-conference-and-exposition-delivered-by-usd-frank-kendall,2014-09-17,AFA 2014 Conference and Exposition (Delivered by USD Frank Kendall)
63,https://www.war.gov/news/releases/release/article/1020819/readout-of-secretary-of-defense-ash-carters-meeting-with-japanese-prime-ministe,2016-12-06,Readout of Secretary of Defense Ash Carter’s Meeting with Japanese Prime Minister Shinzo Abe
64,https://www.war.gov/news/releases/release/article/1021548/readout-of-deputy-secretary-of-defense-bob-works-meeting-with-ukrainian-deputy,2016-12-06,Readout of Deputy Secretary of Defense Bob Work's Meeting with Ukrainian Deputy Prime Minister Ivanna Klympush-Tsyntsadze
65,https://www.war.gov/news/releases/release/article/1024228/joint-india-united-states-statement-on-the-visit-of-secretary-of-defense-carter,2016-12-08,Joint India-United States Statement on the Visit of Secretary of Defense Carter to India
66,https://www.war.gov/news/releases/release/article/1025305/secretary-carter-arrives-in-afghanistan-for-visit-to-thank-us-troops,2016-12-09,Secretary Carter Arrives in Afghanistan for Visit to Thank U.S. Troops
67,https://www.war.gov/news/releases/release/article/1025312/statement-from-secretary-of-defense-ash-carter-on-the-death-of-sen-john-glenn,2016-12-09,Statement from Secretary of Defense Ash Carter on the Death of Sen. John Glenn
68,https://www.war.gov/news/releases/release/article/1026668/statement-by-pentagon-press-secretary-peter-cook-on-secretary-carters-visit-to,2016-12-11,"Statement by Pentagon Press Secretary Peter Cook on Secretary Carter's Visit to Iraq to Thank U.S. Troops, Discuss Next Steps in ISIL Fight"
69,https://www.war.gov/news/releases/release/article/1031240/readout-of-secretary-carters-meeting-with-turkish-minister-of-defense-fikri-iik,2016-12-15,Readout of Secretary Carter's meeting with Turkish Minister of Defense Fikri Işik
70,https://www.war.gov/news/releases/release/article/1032611/statement-by-pentagon-press-secretary-peter-cook-on-incident-in-south-china-sea,2016-12-16,Statement by Pentagon Press Secretary Peter Cook on Incident in South China Sea
71,https://www.war.gov/news/releases/release/article/1034224/statement-by-pentagon-press-secretary-peter-cook-on-return-of-us-navy-uuv,2016-12-19,Statement by Pentagon Press Secretary Peter Cook on Return of U.S. Navy UUV
72,https://www.war.gov/news/releases/release/article/1035888/statement-by-pentagon-press-secretary-peter-cook-on-us-russia-video-conference,2016-12-21,Statement by Pentagon Press Secretary Peter Cook on U.S.-Russia Video Conference
73,https://www.war.gov/news/releases/release/article/1100948/general-officer-assignments,2017-03-02,General Officer Assignments
74,https://www.war.gov/news/releases/release/article/1105891/readout-of-secretary-mattis-meeting-with-israeli-minister-of-defense-avigdor-li,2017-03-07,Readout of Secretary Mattis' Meeting with Israeli Minister of Defense Avigdor Lieberman
75,https://www.war.gov/news/releases/release/article/1112376/general-officer-announcements,2017-03-14,General Officer Announcements
76,https://www.war.gov/news/releases/release/article/1114265/dod-releases-report-on-sexual-harassment-and-violence-at-military-service-acade,2017-03-15,DoD Releases Report on Sexual Harassment and Violence at Military Service Academies
77,https://www.war.gov/news/releases/release/article/1119756/flag-officer-assignments,2017-03-15,Flag Officer Assignments
78,https://www.war.gov/news/releases/release/article/1178814/senior-executive-service-announcements,2017-05-10,Senior Executive Service Announcements
79,https://www.war.gov/news/releases/release/article/1179489/readout-from-secretary-jim-mattis-bilateral-meeting-with-uk-state-secretary-for,2017-05-11,Readout from Secretary Jim Mattis’ Bilateral Meeting with UK State Secretary for Defense Michael Fallon
80,https://www.war.gov/news/releases/release/article/1185753/readout-of-secretary-mattis-bilateral-meeting-with-norwegian-minister-of-defens,2017-05-17,Readout of Secretary Mattis' Bilateral Meeting with Norwegian Minister of Defense Ine Eriksen Søreide
81,https://www.war.gov/news/releases/release/article/1187041/readout-of-secretary-of-defense-jim-mattis-meeting-with-swedish-minister-of-def,2017-05-18,Readout of Secretary of Defense Jim Mattis' meeting with Swedish Minister of Defense Peter Hultqvist
82,https://www.war.gov/news/releases/release/article/1208055/readout-of-secretary-mattis-meeting-with-indonesian-coordinating-minister-for-m,2017-06-08,Readout of Secretary Mattis' Meeting with Indonesian Coordinating Minister for Maritime Affairs Luhut Pandjaitan
83,https://www.war.gov/news/releases/release/article/1214597/statement-by-secretary-of-defense-jim-mattis-on-afghanistan-troop-levels,2017-06-14,Statement by Secretary of Defense Jim Mattis on Afghanistan Troop Levels
84,https://www.war.gov/news/releases/release/article/1218600/general-officer-assignments,2017-06-19,General Officer Assignments
85,https://www.war.gov/news/releases/release/article/1231985/readout-of-secretary-mattis-bilateral-meeting-with-germany-minister-of-defense,2017-06-28,Readout of Secretary Mattis’ Bilateral Meeting with Germany Minister of Defense Ursula von der Leyen
86,https://www.war.gov/news/releases/release/article/1232926/readout-of-secretary-mattis-bilateral-meeting-with-polish-minister-of-defense-m,2017-06-29,Readout of Secretary Mattis' Bilateral Meeting with Polish Minister of Defense Macierewicz
87,https://www.war.gov/news/releases/release/article/1233068/the-united-states-the-united-kingdom-and-norway-trilateral-declaration-of-inten,2017-06-29,"The United States, the United Kingdom, and Norway Trilateral Declaration of Intent on Maritime Security in the North Atlantic"
88,https://www.war.gov/news/releases/release/article/1240912/readout-from-secretary-jim-mattis-bilateral-meeting-with-uk-secretary-of-state,2017-07-07,Readout from Secretary Jim Mattis' Bilateral Meeting with UK Secretary of State for Defence Michael Fallon
89,https://www.war.gov/news/releases/release/article/1302556/dod-leans-forward-to-support-preparation-and-response-efforts-for-hurricane-irma,2017-09-07,DoD Leans Forward to Support Preparation and Response Efforts for Hurricane Irma
90,https://www.war.gov/news/releases/release/article/1307792/readout-of-secretary-mattis-meeting-with-portuguese-minister-of-defense-jos-alb,2017-09-12,Readout of Secretary Mattis' Meeting with Portuguese Minister of Defense José Alberto Azeredo Lopes
91,https://www.war.gov/news/releases/release/article/1308747/readout-of-deputy-secretary-shanahans-meeting-with-minister-of-defence-marina-p,2017-09-12,Readout of Deputy Secretary Shanahan's meeting with Minister of Defence Marina Pendeš for Bosnia and Herzegovina
92,https://www.war.gov/news/releases/release/article/1313217/flag-officer-assignments,2017-09-15,Flag Officer Assignments
93,https://www.war.gov/news/releases/release/article/1316891/dod-announces-secretary-of-defense-maintenance-award-winners,2017-09-19,DoD Announces Secretary of Defense Maintenance Award Winners
94,https://www.war.gov/news/releases/release/article/1318843/readout-of-secretary-mattis-meeting-with-romanian-minister-of-defense-mihai-vio,2017-09-20,Readout of Secretary Mattis' Meeting with Romanian Minister of Defense Mihai-Viorel Fifor
95,https://www.war.gov/news/releases/release/article/1318850/readout-of-secretary-mattis-meeting-with-australian-minister-of-defense-marise,2017-09-20,Readout of Secretary Mattis' Meeting with Australian Minister of Defense Marise Payne
96,https://www.war.gov/news/releases/release/article/1320382/readout-of-secretary-mattis-meeting-with-polish-minister-of-defense-antoni-maci,2017-09-21,Readout of Secretary Mattis' Meeting with Polish Minister of Defense Antoni Macierewicz
97,https://www.war.gov/news/releases/release/article/1385667/readout-of-secretary-mattis-call-with-japan-minister-of-defense-itsunori-onodera,2017-12-01,Readout of Secretary Mattis' Call with Japan Minister of Defense Itsunori Onodera
98,https://www.war.gov/news/releases/release/article/1386284/secretary-mattis-meets-with-president-el-sisi-of-egypt,2017-12-02,Secretary Mattis Meets With President el-Sisi of Egypt
99,https://www.war.gov/news/releases/release/article/1393719/dod-complying-with-court-orders-to-access-transgender-persons-into-the-military,2017-12-11,DoD Complying with Court Orders to Access Transgender Persons into the Military
100,https://www.war.gov/news/releases/release/article/1396644/navy-to-commission-littoral-combat-ship-little-rock,2017-12-14,Navy to Commission Littoral Combat Ship Little Rock
101,https://www.war.gov/news/releases/release/article/1439665/readout-from-secretary-mattis-meeting-with-italian-defense-minister-pinotti,2018-02-12,Readout from Secretary Mattis’ Meeting with Italian Defense Minister Pinotti
102,https://www.war.gov/news/releases/release/article/1441928/dod-to-host-acquisition-industry-day-for-the-joint-enterprise-defense-infrastru,2018-02-14,DoD to Host Acquisition Industry Day for the Joint Enterprise Defense Infrastructure Cloud
103,https://www.war.gov/news/releases/release/article/1442333/readout-from-secretary-james-n-mattis-bilateral-meeting-with-poland-minister-of,2018-02-14,Readout From Secretary James N. Mattis' Bilateral Meeting With Poland Minister of National Defence
104,https://www.war.gov/news/releases/release/article/1442705/accelerating-enterprise-cloud-adoption,2018-02-15,Accelerating Enterprise Cloud Adoption
105,https://www.war.gov/news/releases/release/article/1443712/readout-from-secretary-james-n-mattis-bilateral-meeting-with-turkish-minister-o,2018-02-15,Readout From Secretary James N. Mattis' Bilateral Meeting With Turkish Minister of Defense
106,https://www.war.gov/news/releases/release/article/1444846/readout-of-secretary-mattis-meeting-with-bulgarian-minister-of-defense-krasimir,2018-02-15,Readout of Secretary Mattis' Meeting with Bulgarian Minister of Defense Krasimir Karakachanov
107,https://www.war.gov/news/releases/release/article/1444861/readout-of-secretary-mattis-meeting-with-french-minister-of-defense-florence-pa,2018-02-16,Readout of Secretary Mattis' Meeting with French Minister of Defense Florence Parly
108,https://www.war.gov/news/releases/release/article/1444937/readout-of-secretary-james-n-mattis-meeting-with-georgian-prime-minister-giorgi,2018-02-17,Readout of Secretary James N. Mattis’ Meeting with Georgian Prime Minister Giorgi Kvirikashili and Minister of Defense Levan Izoria
109,https://www.war.gov/news/releases/release/article/1448243/event-access-update-dod-acquisition-industry-day-for-the-joint-enterprise-defen,2018-02-22,Event Access Update - DoD Acquisition Industry Day for the Joint Enterprise Defense Infrastructure Cloud
110,https://www.war.gov/news/releases/release/article/1486018/statement-by-chief-pentagon-spokesperson-dana-w-white-on-enhanced-border-securi,2018-04-05,Statement by Chief Pentagon Spokesperson Dana W. White on Enhanced Border Security
111,https://www.war.gov/news/releases/release/article/1487266/readout-of-secretary-of-defense-james-n-mattis-meeting-with-slovenian-minister,2018-04-06,Readout of Secretary of Defense James N. Mattis meeting with Slovenian Minister of Defense Andreja Katic
112,https://www.war.gov/news/releases/release/article/1487330/joint-statement-by-secretary-of-defense-james-mattis-and-secretary-of-homeland,2018-04-06,Joint Statement by Secretary of Defense James Mattis and Secretary of Homeland Security Kirstjen Nielsen
113,https://www.war.gov/news/releases/release/article/1489328/flag-officer-assignments,2018-04-10,Flag Officer Assignments
114,https://www.war.gov/news/releases/release/article/1489941/flag-officer-announcements,2018-04-10,Flag Officer Announcements
115,https://www.war.gov/news/releases/release/article/1490943/readout-of-secretary-of-defense-james-n-mattis-meeting-with-dutch-minister-of-d,2018-04-11,Readout of Secretary of Defense James N. Mattis' Meeting with Dutch Minister of Defence Ank Bijleveld
116,https://www.war.gov/news/releases/release/article/1491644/navy-to-christen-littoral-combat-ship-indianapolis,2018-04-12,Navy to Christen Littoral Combat Ship Indianapolis
117,https://www.war.gov/news/releases/release/article/1544680/readout-of-secretary-of-defense-james-n-mattis-meeting-with-german-minister-of,2018-06-08,Readout of Secretary of Defense James N. Mattis' Meeting with German Minister of Defense Ursula von der Leyen
118,https://www.war.gov/news/releases/release/article/1545168/defeat-isisdaesh-defense-ministerial-joint-statement,2018-06-08,Defeat-ISIS/Da’esh Defense Ministerial Joint Statement
119,https://www.war.gov/news/releases/release/article/1548502/general-officer-announcements,2018-06-12,General Officer Announcements
120,https://www.war.gov/news/releases/release/article/1548955/defense-department-recognizes-exceptional-sexual-assault-response-coordinators,2018-06-13,Defense Department Recognizes Exceptional Sexual Assault Response Coordinators
121,https://www.war.gov/news/releases/release/article/1552229/general-officer-assignments,2018-06-15,General Officer Assignments
122,https://www.war.gov/news/releases/release/article/1555988/readout-of-secretary-of-defense-james-n-mattis-meeting-with-german-minister-of,2018-06-20,Readout of Secretary of Defense James N. Mattis’ Meeting with German Minister of Defense Ursula von der Leyen.
123,https://www.war.gov/news/releases/release/article/1557149/general-officer-announcements,2018-06-21,General Officer Announcements
124,https://www.war.gov/news/releases/release/article/1645953/readout-of-secretary-of-defense-james-n-mattis-meeting-with-romanian-defense-mi,2018-09-26,Readout of Secretary of Defense James N. Mattis' Meeting with Romanian Defense Minister Mihai Fifor
125,https://www.war.gov/news/releases/release/article/1649739/statement-by-pentagon-chief-spokesperson-ms-dana-w-white-on-macedonias-referend,2018-10-01,Statement by Pentagon Chief Spokesperson Ms. Dana W. White on Macedonia’s Referendum on the Prespa Agreement
126,https://www.war.gov/news/releases/release/article/1652915/readout-of-secretary-of-defense-james-n-mattis-meeting-with-german-minister-of,2018-10-03,Readout of Secretary of Defense James N. Mattis' Meeting with German Minister of Defense Ursula von der Leyen
127,https://www.war.gov/news/releases/release/article/1653169/readout-of-secretary-of-defense-james-n-mattis-meeting-with-georgia-defense-min,2018-10-03,Readout of Secretary of Defense James N. Mattis' Meeting with Georgia Defense Minister Levan Izoria
128,https://www.war.gov/news/releases/release/article/1656417/general-officer-assignments,2018-10-05,General Officer Assignments
129,https://www.war.gov/news/releases/release/article/1657778/readout-of-secretary-of-defense-james-n-mattis-meeting-with-greek-defense-minis,2018-10-09,Readout of Secretary of Defense James N. Mattis’ Meeting with Greek Defense Minister Panagiotis Kammenos
130,https://www.war.gov/news/releases/release/article/1731648/us-and-qatar-sign-mou-reaffirming-qatars-commitment-to-supporting-us-military-a,2019-01-14,U.S. and Qatar Sign MOU Reaffirming Qatar’s Commitment to Supporting U.S. Military Activities at Al Udeid Air Base
131,https://www.war.gov/news/releases/release/article/1742285/readout-of-acting-secretary-of-defense-patrick-m-shanahans-meeting-with-nato-se,2019-01-28,Readout of Acting Secretary of Defense Patrick M. Shanahan’s Meeting With NATO Secretary General Jens Stoltenberg
132,https://www.war.gov/news/releases/release/article/1744106/navy-to-commission-submarine-south-dakota,2019-01-30,Navy to Commission Submarine South Dakota
133,https://www.war.gov/news/releases/release/article/1744988/dod-releases-annual-report-on-sexual-harassment-and-violence-at-the-military-se,2019-01-31,"DOD Releases Annual Report on Sexual Harassment and Violence at the Military Service Academies, Academic Program Year 2017-2018"
134,https://www.war.gov/news/releases/release/article/1812811/argentina-declassification-project,2019-04-12,Argentina Declassification Project
135,https://www.war.gov/news/releases/release/article/1815168/general-officer-assignments,2019-04-16,General Officer Assignments
136,https://www.war.gov/news/releases/release/article/1818495/readout-of-acting-secretary-of-defense-patrick-m-shanahans-meeting-with-albania,2019-04-18,Readout of Acting Secretary of Defense Patrick M. Shanahan’s Meeting with Albanian Minister of Defense Olta Xhaçka
137,https://www.war.gov/news/releases/release/article/1890258/acting-secretary-of-defense-mark-t-espers-meeting-with-afghan-acting-minister-o,2019-06-27,Acting Secretary of Defense Mark T. Esper’s meeting with Afghan Acting Minister of Defense Asadullah Khalid
138,https://www.war.gov/news/releases/release/article/1890263/acting-secretary-of-defense-mark-t-espers-meeting-with-german-minister-of-defen,2019-06-27,Acting Secretary of Defense Mark T. Esper’s meeting with German Minister of Defense Ursula Von der Leyen
139,https://www.war.gov/news/releases/release/article/1891689/us-israel-defense-policy-advisory-group,2019-06-30,U.S.-Israel Defense Policy Advisory Group
140,https://www.war.gov/news/releases/release/article/1898409/readout-of-acting-secretary-of-defense-mark-t-espers-meeting-with-emir-of-qatar,2019-07-09,Readout of Acting Secretary of Defense Mark T. Esper’s Meeting with Emir of Qatar Sheikh Tamim bin Hamad Al-Thani
141,https://www.war.gov/news/releases/release/article/1992704/statement-from-the-secretary-of-defense,2019-10-18,Statement From the Secretary of Defense
142,https://www.war.gov/news/releases/release/article/1997467/readout-of-secretary-of-defense-mark-t-espers-meeting-with-croatian-minister-of,2019-10-24,Readout of Secretary of Defense Mark T. Esper’s Meeting With Croatian Minister of Defense Damir Krsticevic
143,https://www.war.gov/news/releases/release/article/1998776/readout-of-secretary-of-defense-mark-t-espers-meeting-with-montenegrin-minister,2019-10-25,Readout of Secretary of Defense Mark T. Esper's Meeting With Montenegrin Minister of Defense Predrag Boskovic
144,https://www.war.gov/news/releases/release/article/1999651/dod-announces-enterprise-general-purpose-cloud-contract-award,2019-10-25,DOD Announces Enterprise General Purpose Cloud Contract Award
145,https://www.war.gov/news/releases/release/article/2055265/dod-identifies-army-casualties,2020-01-12,DOD Identifies Army Casualties
146,https://www.war.gov/news/releases/release/article/2057223/readout-of-secretary-of-defense-mark-t-espers-meeting-with-japanese-defense-min,2020-01-14,Readout of Secretary of Defense Mark T. Esper's Meeting With Japanese Defense Minister Taro Kono
147,https://www.war.gov/news/releases/release/article/2058597/us-prc-defense-policy-coordination-talks,2020-01-16,U.S. - PRC Defense Policy Coordination Talks
148,https://www.war.gov/news/releases/release/article/2059722/joint-statement-on-sixtieth-anniversary-of-the-signing-of-the-treaty-of-mutual,2020-01-17,Joint Statement on Sixtieth Anniversary of the Signing of the Treaty of Mutual Cooperation and Security Between the United States of America and Japan
149,https://www.war.gov/news/releases/release/article/2067337/readout-of-secretary-of-defense-mark-t-espers-meeting-with-french-minister-of-a,2020-01-27,Readout of Secretary of Defense Mark T. Esper's Meeting With French Minister of Armed Forces Florence Parly
150,https://www.war.gov/news/releases/release/article/2095532/readout-of-deputy-secretary-of-defense-david-l-norquists-meeting-with-kosovo-pr,2020-02-26,Readout of Deputy Secretary of Defense David L. Norquist's Meeting With Kosovo President Hashim Thaçi
151,https://www.war.gov/news/releases/release/article/2099533/joint-statement-from-dos-doj-dod-dhs-odni-fbi-nsa-and-cisa-on-preparations-for,2020-03-02,"Joint Statement From DOS, DOJ, DOD, DHS, ODNI, FBI, NSA, and CISA on Preparations for Super Tuesday"
152,https://www.war.gov/news/releases/release/article/2101012/readout-of-secretary-of-defense-dr-mark-t-espers-meeting-with-estonia-defense-m,2020-03-03,Readout of Secretary of Defense Dr. Mark T. Esper's Meeting With Estonia Defense Minister Jüri Luik
153,https://www.war.gov/news/releases/release/article/2125116/general-officer-assignments,2020-04-16,General Officer Assignments
154,https://www.war.gov/news/releases/release/article/2126407/dacowits-releases-2019-annual-report,2020-04-17,DACOWITS Releases 2019 Annual Report
155,https://www.war.gov/news/releases/release/article/2129497/partnering-with-the-us-defense-industrial-base-to-combat-covid-19,2020-04-20,Partnering With the U.S. Defense Industrial Base to Combat COVID-19
156,https://www.war.gov/news/releases/release/article/2163215/readout-of-secretary-of-defense-dr-mark-t-espers-call-with-italy-minister-of-de,2020-05-18,Readout of Secretary of Defense Dr. Mark T. Esper's Call With Italy Minister of Defense Lorenzo Guerini
157,https://www.war.gov/news/releases/release/article/2170913/department-of-defense-releases-fiscal-year-2019-annual-report-on-sexual-assault,2020-05-24,Department of Defense Releases Fiscal Year 2019 Annual Report on Sexual Assault in the Military
158,https://www.war.gov/news/releases/release/article/2171949/general-officer-assignments,2020-05-25,General Officer Assignments
159,https://www.war.gov/news/releases/release/article/2177407/readout-of-the-bilateral-engagement-with-his-excellency-imed-hazgui-minister-of,2020-05-30,"Readout of the Bilateral Engagement With His Excellency Imed Hazgui, Minister of Defense of the Republic of Tunisia"
160,https://www.war.gov/news/releases/release/article/2184321/department-of-defense-announces-winners-of-the-fiscal-year-19-nunn-perry-award,2020-06-04,"Department of Defense Announces Winners of the Fiscal Year 19 Nunn-Perry Award, Recognizing Excellence in the DOD Mentor Protégé Program"
161,https://www.war.gov/news/releases/release/article/2185571/readout-of-secretary-of-defense-dr-mark-t-espers-call-with-romania-minister-of,2020-06-06,Readout of Secretary of Defense Dr. Mark T. Esper's Call With Romania Minister of National Defense Nicolae-Ionel Ciucă
162,https://www.war.gov/news/releases/release/article/2188504/general-officer-announcements,2020-06-08,General Officer Announcements
163,https://www.war.gov/news/releases/release/article/2194904/general-officer-assignments,2020-06-13,General Officer Assignments
164,https://www.war.gov/news/releases/release/article/2195227/readout-of-secretary-of-defense-dr-mark-t-espers-phone-call-with-uk-secretary-o,2020-06-14,Readout of Secretary of Defense Dr. Mark T. Esper's Phone Call With UK Secretary of State for Defense Ben Wallace
165,https://www.war.gov/news/releases/release/article/2195239/dod-statement-on-open-skies-treaty-withdrawal,2020-06-14,DOD Statement on Open Skies Treaty Withdrawal
166,https://www.war.gov/news/releases/release/article/2196357/flag-officer-assignments,2020-06-14,Flag Officer Assignments
167,https://www.war.gov/news/releases/release/article/2246519/readout-of-defense-secretary-dr-mark-t-espers-phone-call-with-german-federal-mi,2020-07-26,Readout of Defense Secretary Dr. Mark T. Esper's Phone Call With German Federal Minister of Defense Annegret Kramp-Karrenbauer
168,https://www.war.gov/news/releases/release/article/2246604/peoples-republic-of-china-military-exercises-in-the-south-china-sea,2020-07-26,People's Republic of China Military Exercises in the South China Sea
169,https://www.war.gov/news/releases/release/article/2266893/secretary-mark-t-esper-message-to-the-force-on-accomplishments-in-implementatio,2020-08-12,Secretary Mark T. Esper Message to the Force on Accomplishments in Implementation of the National Defense Strategy
170,https://www.war.gov/news/releases/release/article/2266901/australia-japan-united-states-defense-ministers-meeting-joint-statement,2020-08-12,Australia-Japan-United States Defense Ministers’ Meeting Joint Statement
171,https://www.war.gov/news/releases/release/article/2268081/readout-of-secretary-of-defense-dr-mark-t-espers-phone-call-with-the-brunei-min,2020-08-13,Readout of Secretary of Defense Dr. Mark T. Esper's Phone Call With the Brunei Minister of Defence II Pehin Halbi
172,https://www.war.gov/news/releases/release/article/2271668/flag-officer-assignments,2020-08-16,Flag Officer Assignments
173,https://www.war.gov/news/releases/release/article/2272564/readout-of-secretary-of-defense-dr-mark-t-espers-phone-call-with-norwegian-mini,2020-08-17,Readout of Secretary of Defense Dr. Mark T. Esper's Phone Call With Norwegian Minister of Defense Frank Bakke-Jensen
174,https://www.war.gov/news/releases/release/article/2274035/statement-from-chief-pentagon-spokesperson-jonathan-hoffman-on-135-days-since-t,2020-08-18,Statement From Chief Pentagon Spokesperson Jonathan Hoffman on 135 Days Since the Signing of the U.S.-Taliban Agreement
175,https://www.war.gov/news/releases/release/article/2275106/secretary-mark-t-esper-provides-update-on-department-efforts-to-address-diversi,2020-08-19,"Secretary Mark T. Esper Provides Update on Department Efforts to Address Diversity, Inclusion and Equal Opportunity in the Military Services"
176,https://www.war.gov/news/releases/release/article/2281893/readout-of-secretary-of-defense-dr-mark-t-espers-phone-call-with-greek-minister,2020-08-24,Readout of Secretary of Defense Dr. Mark T. Esper's Phone Call With Greek Minister of Defense Nikos Panagiotopoulos
177,https://www.war.gov/news/releases/release/article/2290911/joint-statement-on-australia-us-ministerial-consultations-ausmin-2020,2020-09-01,Joint Statement on Australia-U.S. Ministerial Consultations (AUSMIN) 2020
178,https://www.war.gov/news/releases/release/article/2292244/department-of-defense-statement-us-european-command-force-posture-review,2020-09-02,Department of Defense Statement:  U.S. European Command Force Posture Review
179,https://www.war.gov/news/releases/release/article/2293577/readout-of-virtual-meeting-between-acting-under-secretary-of-defense-for-policy,2020-09-03,Readout of Virtual Meeting Between Acting Under Secretary of Defense for Policy Dr. James Anderson and Israel’s Director of Policy and Political Military Affairs Zohar Palti
180,https://www.war.gov/news/releases/release/article/2297502/secretary-of-defense-statement-on-completion-of-the-us-poland-enhanced-defense,2020-09-06,Secretary of Defense Statement on Completion of the U.S.-Poland Enhanced Defense Cooperation Agreement Negotiations
181,https://www.war.gov/news/releases/release/article/2347921/indian-and-us-defense-delegations-conduct-virtual-discussion-of-defense-coopera,2020-10-18,Indian and U.S. Defense Delegations Conduct Virtual Discussion of Defense Cooperation
182,https://www.war.gov/news/releases/release/article/2349514/acting-under-secretary-of-defense-for-policy-dr-james-anderson-co-chairs-the-11,2020-10-19,Acting Under Secretary of Defense for Policy Dr. James Anderson Co-Chairs the 11th Strategic Security Policy Dialogue in Singapore
183,https://www.war.gov/news/releases/release/article/2352197/readout-of-acting-under-secretary-of-defense-for-policy-dr-james-h-andersons-me,2020-10-22,Readout of Acting Under Secretary of Defense for Policy Dr. James H. Anderson's Meetings With Indonesian Officials
184,https://www.war.gov/news/releases/release/article/2358757/catch-a-serial-offender-program-available-for-sexual-assault-victims-amid-covid,2020-10-27,CATCH a Serial Offender Program Available for Sexual Assault Victims Amid COVID-19 Pandemic
185,https://www.war.gov/news/releases/release/article/2388504/readout-of-defense-secretary-dr-mark-t-espers-phone-call-with-uk-secretary-of-s,2020-11-21,Readout of Defense Secretary Dr. Mark T. Esper's Phone Call With U.K. Secretary of State for Defense Ben Wallace
186,https://www.war.gov/news/releases/release/article/2391788/readout-of-defense-secretary-dr-mark-t-espers-remarks-at-day-one-of-the-nato-de,2020-11-23,Readout of Defense Secretary Dr. Mark T. Esper's Remarks at Day One of the NATO Defense Ministerial
187,https://www.war.gov/news/releases/release/article/2393273/readout-of-defense-secretary-dr-mark-t-espers-remarks-at-day-two-of-the-nato-de,2020-11-25,Readout of Defense Secretary Dr. Mark T. Esper's Remarks at Day Two of the NATO Defense Ministerial
188,https://www.war.gov/news/releases/release/article/2394365/readout-of-the-bilateral-engagement-with-india-minister-of-defense-rajnath-singh,2020-11-26,Readout of the Bilateral Engagement With India Minister of Defense Rajnath Singh
189,https://www.war.gov/news/releases/release/article/2396750/trump-administration-announces-agreement-to-purchase-eli-lilly-covid-19-investi,2020-11-28,Trump Administration Announces Agreement to Purchase Eli Lilly COVID-19 Investigational Therapeutic
190,https://www.war.gov/news/releases/release/article/2398907/us-department-of-defense-hosts-first-crisis-communications-working-group-with-t,2020-11-29,U.S. Department of Defense Hosts First Crisis Communications Working Group With the People's Republic of China People's Liberation Army
191,https://www.war.gov/news/releases/release/article/2412820/statement-by-acting-secretary-of-defense-chris-miller-on-helicopter-crash-in-th,2020-12-11,Statement by Acting Secretary of Defense Chris Miller on Helicopter Crash in the Sinai Peninsula
192,https://www.war.gov/news/releases/release/article/2415303/readout-of-acting-defense-secretary-christopher-c-millers-meeting-with-lithuani,2020-12-13,Readout of Acting Defense Secretary Christopher C. Miller's Meeting With Lithuanian Minister of Defence Raimundas Karoblis
193,https://www.war.gov/news/releases/release/article/2418542/dod-announces-rare-earth-element-awards-to-strengthen-domestic-industrial-base,2020-12-16,DOD Announces Rare Earth Element Awards to Strengthen Domestic Industrial Base
194,https://www.war.gov/news/releases/release/article/2462515/dod-and-mongolia-ministry-of-defense-conduct-17th-annual-bilateral-consultative,2021-01-21,DOD and Mongolia Ministry of Defense Conduct 17th Annual Bilateral Consultative Council
195,https://www.war.gov/news/releases/release/article/2465382/statement-by-acting-secretary-of-defense-christopher-miller-on-yesterdays-viole,2021-01-23,Statement by Acting Secretary of Defense Christopher Miller on Yesterday’s Violence at the Capitol
196,https://www.war.gov/news/releases/release/article/2466657/ussf-becomes-18th-member-of-intel-community,2021-01-25,USSF Becomes 18th Member of Intel Community
197,https://www.war.gov/news/releases/release/article/2480679/readout-of-secretary-of-defense-lloyd-austins-call-with-nato-secretary-general,2021-02-05,Readout of Secretary of Defense Lloyd Austin's Call With NATO Secretary General Jens Stoltenberg
198,https://www.war.gov/news/releases/release/article/2480867/readout-of-secretary-of-defense-lloyd-austins-call-with-uk-secretary-of-state-f,2021-02-05,Readout of Secretary of Defense Lloyd Austin's Call With U.K. Secretary of State for Defense Ben Wallace
199,https://www.war.gov/news/releases/release/article/2480919/readout-of-secretary-of-defense-lloyd-austins-call-with-japanese-defense-minist,2021-02-05,Readout of Secretary of Defense Lloyd Austin's Call With Japanese Defense Minister Nobuo Kishi
200,https://www.war.gov/news/releases/release/article/2481568/statement-by-secretary-of-defense-lloyd-j-austin-iii-on-transgender-service-in,2021-02-06,Statement by Secretary of Defense Lloyd J. Austin III on Transgender Service in the Military
201,https://www.war.gov/news/releases/release/article/2484313/readout-of-secretary-of-defense-lloyd-austins-call-with-german-federal-minister,2021-02-08,Readout of Secretary of Defense Lloyd Austin's Call With German Federal Minister of Defence Annegret Kramp-Karrenbauer
202,https://www.war.gov/news/releases/release/article/2486312/readout-of-secretary-of-defense-lloyd-austins-call-with-french-minister-of-the,2021-02-10,Readout of Secretary of Defense Lloyd Austin's Call With French Minister of the Armed Forces Florence Parly
203,https://www.war.gov/news/releases/release/article/2486314/readout-of-secretary-of-defense-lloyd-j-austin-iiis-phone-call-with-israeli-min,2021-02-10,"Readout of Secretary of Defense Lloyd J. Austin III's Phone Call With Israeli Minister of Defense Benjamin ""Benny"" Gantz"
204,https://www.war.gov/news/releases/release/article/2488672/dod-announces-rare-earth-element-award-to-strengthen-domestic-industrial-base,2021-02-12,DOD Announces Rare Earth Element Award to Strengthen Domestic Industrial Base
205,https://www.war.gov/news/releases/release/article/2515449/department-of-defense-releases-annual-report-on-sexual-harassment-and-violence,2021-03-06,Department of Defense Releases Annual Report on Sexual Harassment and Violence at the Military Service Academies for Academic Program Year 2019-2020
206,https://www.war.gov/news/releases/release/article/2516441/flag-officer-assignments,2021-03-07,Flag Officer Assignments
207,https://www.war.gov/news/releases/release/article/2516518/us-conducts-defensive-precision-strike,2021-03-07,U.S. Conducts Defensive Precision Strike
208,https://www.war.gov/news/releases/release/article/2517911/united-states-department-of-defense-signs-memorandum-of-understanding-for-defen,2021-03-08,United States Department of Defense Signs Memorandum of Understanding for Defense Cooperation With Ministry of Defence for the Republic of North Macedonia
209,https://www.war.gov/news/releases/release/article/2519445/defense-department-announces-125m-for-ukraine,2021-03-09,Defense Department Announces $125M for Ukraine
210,https://www.war.gov/news/releases/release/article/2524651/readout-of-secretary-of-defense-lloyd-j-austin-iiis-phone-call-with-georgian-mi,2021-03-14,Readout of Secretary of Defense Lloyd J. Austin III's Phone Call With Georgian Minister of Defense Juansher Burchuladze
211,https://www.war.gov/news/releases/release/article/2525149/secretary-lloyd-j-austin-iii-message-to-the-force,2021-03-14,Secretary Lloyd J. Austin III Message to the Force
212,https://www.war.gov/news/releases/release/article/2568085/readout-of-secretary-of-defense-lloyd-j-austin-iii-phone-call-with-philippines,2021-04-19,Readout of Secretary of Defense Lloyd J. Austin III Phone Call With Philippines Secretary of National Defense Delfin Lorenzana
213,https://www.war.gov/news/releases/release/article/2569950/secretary-of-defense-statements-on-latest-defense-department-nominees,2021-04-20,Secretary of Defense Statements on Latest Defense Department Nominees
214,https://www.war.gov/news/releases/release/article/2575194/readout-of-secretary-of-defense-lloyd-austins-remote-signing-with-norwegian-min,2021-04-25,Readout of Secretary of Defense Lloyd Austin’s Remote Signing With Norwegian Minister of Defence Frank Bakke-Jensen
215,https://www.war.gov/news/releases/release/article/2576487/secretary-of-defense-statement-on-nomination-of-dr-mara-karlin-to-asdspc,2021-04-26,Secretary of Defense Statement on Nomination of Dr. Mara Karlin to ASD(SPC)
216,https://www.war.gov/news/releases/release/article/2578506/readout-of-defense-secretary-lloyd-j-austin-iiis-meeting-with-uk-secretary-of-s,2021-04-27,Readout of Defense Secretary Lloyd J. Austin III's Meeting With U.K. Secretary of State for Defence Ben Wallace
217,https://www.war.gov/news/releases/release/article/2581027/dod-announces-installation-climate-exposure-assessments-plan-through-the-defens,2021-04-29,DOD Announces Installation Climate Exposure Assessments Plan Through the Defense Climate Assessment Tool
218,https://www.war.gov/news/releases/release/article/2581069/dod-announces-winners-of-the-2021-secretary-of-defense-environmental-awards,2021-04-29,DOD Announces Winners of the 2021 Secretary of Defense Environmental Awards
219,https://www.war.gov/news/releases/release/article/2581185/statement-by-secretary-of-defense-lloyd-j-austin-iii-on-the-presidents-nominati,2021-04-30,Statement by Secretary of Defense Lloyd J. Austin III on the President's Nomination of Dr. Ely Ratner as the Assistant Secretary of Defense for Indo-Pacific Security Affairs
220,https://www.war.gov/news/releases/release/article/2630970/readout-of-secretary-of-defense-lloyd-austins-call-with-colombian-minister-of-n,2021-06-10,Readout of Secretary of Defense Lloyd Austin's Call With Colombian Minister of National Defense Diego Molano
221,https://www.war.gov/news/releases/release/article/2634941/statement-by-secretary-of-defense-lloyd-j-austin-iii-on-the-passing-of-former-s,2021-06-13,Statement by Secretary of Defense Lloyd J. Austin III on the Passing of Former Senator John Warner
222,https://www.war.gov/news/releases/release/article/2638738/readout-of-secretary-of-defense-lloyd-austins-call-with-nato-secretary-general,2021-06-16,Readout of Secretary of Defense Lloyd Austin's Call With NATO Secretary General Jens Stoltenberg
223,https://www.war.gov/news/releases/release/article/2641236/readout-of-secretary-of-defense-lloyd-austins-participation-in-the-defense-mini,2021-06-18,Readout of Secretary of Defense Lloyd Austin's Participation in the Defense Ministerial Hosted by NATO Secretary General Jens Stoltenberg
